{
  "type": "FeatureCollection",
  "features": [
    {
      "type": "Feature",
      "properties": {
        "movement": "poland-axis-1939",
        "atlas_label": "Vpád do Polska",
        "faction": "axis",
        "year_from": 1939,
        "quarter_from": 3,
        "year_to": 1939,
        "quarter_to": 4
      },
      "geometry": {
        "type": "Polygon",
        "coordinates": [
          [
            [
              13.308461,
              52.527522
            ],
            [
              13.377545,
              52.529242
            ],
            [
              13.455838,
              52.5296
            ],
            [
              13.542549,
              52.528737
            ],
            [
              13.637114,
              52.526771
            ],
            [
              13.738976,
              52.523817
            ],
            [
              13.847583,
              52.51999
            ],
            [
              13.962385,
              52.515405
            ],
            [
              14.08283,
              52.510176
            ],
            [
              14.208371,
              52.504417
            ],
            [
              14.338455,
              52.498243
            ],
            [
              14.472532,
              52.491769
            ],
            [
              14.609697,
              52.483996
            ],
            [
              14.747244,
              52.467997
            ],
            [
              14.887234,
              52.452026
            ],
            [
              15.029127,
              52.436197
            ],
            [
              15.172382,
              52.420621
            ],
            [
              15.316452,
              52.405412
            ],
            [
              15.460791,
              52.390683
            ],
            [
              15.604848,
              52.376545
            ],
            [
              15.74807,
              52.363111
            ],
            [
              15.889898,
              52.350494
            ],
            [
              16.030199,
              52.338771
            ],
            [
              16.173787,
              52.327287
            ],
            [
              16.324423,
              52.315442
            ],
            [
              16.480903,
              52.303353
            ],
            [
              16.642433,
              52.291105
            ],
            [
              16.808217,
              52.278784
            ],
            [
              16.977462,
              52.266473
            ],
            [
              17.149371,
              52.254258
            ],
            [
              17.323151,
              52.242223
            ],
            [
              17.498002,
              52.230454
            ],
            [
              17.673128,
              52.219035
            ],
            [
              17.847728,
              52.208051
            ],
            [
              18.021001,
              52.197587
            ],
            [
              18.192142,
              52.187726
            ],
            [
              18.360341,
              52.178555
            ],
            [
              18.524785,
              52.170158
            ],
            [
              18.684653,
              52.162618
            ],
            [
              18.839116,
              52.15602
            ],
            [
              18.98733,
              52.150447
            ],
            [
              19.128433,
              52.145981
            ],
            [
              19.261536,
              52.142702
            ],
            [
              19.385709,
              52.140685
            ],
            [
              19.499524,
              52.14
            ],
            [
              19.604434,
              52.140945
            ],
            [
              19.703726,
              52.143663
            ],
            [
              19.798148,
              52.147986
            ],
            [
              19.887884,
              52.153748
            ],
            [
              19.973123,
              52.160785
            ],
            [
              20.054057,
              52.16894
            ],
            [
              20.130884,
              52.178058
            ],
            [
              20.203803,
              52.187987
            ],
            [
              20.273019,
              52.198581
            ],
            [
              20.33874,
              52.209699
            ],
            [
              20.401182,
              52.221202
            ],
            [
              20.464065,
              52.226475
            ],
            [
              20.527353,
              52.226878
            ],
            [
              20.588507,
              52.227378
            ],
            [
              20.647558,
              52.227806
            ],
            [
              20.704511,
              52.227978
            ],
            [
              20.759334,
              52.227691
            ],
            [
              20.811955,
              52.226724
            ],
            [
              20.862238,
              52.224835
            ],
            [
              20.90996,
              52.22176
            ],
            [
              20.954771,
              52.217222
            ],
            [
              21.0,
              52.2
            ],
            [
              20.974935,
              52.17209
            ],
            [
              20.945036,
              52.153898
            ],
            [
              20.913353,
              52.134538
            ],
            [
              20.879254,
              52.114072
            ],
            [
              20.842234,
              52.092575
            ],
            [
              20.801875,
              52.070143
            ],
            [
              20.757823,
              52.046893
            ],
            [
              20.709765,
              52.02296
            ],
            [
              20.657424,
              51.998498
            ],
            [
              20.600548,
              51.973675
            ],
            [
              20.536318,
              51.953798
            ],
            [
              20.464415,
              51.940564
            ],
            [
              20.388279,
              51.927696
            ],
            [
              20.307842,
              51.915394
            ],
            [
              20.223032,
              51.903854
            ],
            [
              20.133771,
              51.893269
            ],
            [
              20.039978,
              51.883824
            ],
            [
              19.941568,
              51.875704
            ],
            [
              19.838451,
              51.869087
            ],
            [
              19.730534,
              51.86415
            ],
            [
              19.61772,
              51.861065
            ],
            [
              19.500476,
              51.86
            ],
            [
              19.377364,
              51.860733
            ],
            [
              19.246353,
              51.862858
            ],
            [
              19.107593,
              51.866275
            ],
            [
              18.961731,
              51.870891
            ],
            [
              18.809457,
              51.876615
            ],
            [
              18.651485,
              51.883363
            ],
            [
              18.488551,
              51.891046
            ],
            [
              18.321402,
              51.899582
            ],
            [
              18.150796,
              51.908883
            ],
            [
              17.977496,
              51.918867
            ],
            [
              17.802272,
              51.929449
            ],
            [
              17.625895,
              51.940544
            ],
            [
              17.449143,
              51.952068
            ],
            [
              17.272792,
              51.963937
            ],
            [
              17.097623,
              51.976067
            ],
            [
              16.924417,
              51.988373
            ],
            [
              16.753954,
              52.000771
            ],
            [
              16.587019,
              52.013177
            ],
            [
              16.424394,
              52.025507
            ],
            [
              16.266862,
              52.037676
            ],
            [
              16.115207,
              52.0496
            ],
            [
              15.969801,
              52.061229
            ],
            [
              15.826189,
              52.073229
            ],
            [
              15.68063,
              52.086175
            ],
            [
              15.53406,
              52.099921
            ],
            [
              15.386993,
              52.114351
            ],
            [
              15.239944,
              52.129355
            ],
            [
              15.093434,
              52.144818
            ],
            [
              14.947986,
              52.160629
            ],
            [
              14.804126,
              52.176674
            ],
            [
              14.662382,
              52.192841
            ],
            [
              14.523285,
              52.209017
            ],
            [
              14.389968,
              52.233231
            ],
            [
              14.260793,
              52.258331
            ],
            [
              14.135928,
              52.283092
            ],
            [
              14.015892,
              52.307405
            ],
            [
              13.901205,
              52.331158
            ],
            [
              13.792387,
              52.35424
            ],
            [
              13.689959,
              52.37654
            ],
            [
              13.594441,
              52.397947
            ],
            [
              13.506352,
              52.418352
            ],
            [
              13.426206,
              52.437643
            ],
            [
              13.354508,
              52.455713
            ],
            [
              13.291539,
              52.472478
            ],
            [
              13.308461,
              52.527522
            ]
          ]
        ]
      }
    },
    {
      "type": "Feature",
      "properties": {
        "movement": "poland-soviet-1939",
        "atlas_label": "Sovětský vpád do Polska",
        "faction": "soviet",
        "year_from": 1939,
        "quarter_from": 3,
        "year_to": 1939,
        "quarter_to": 4
      },
      "geometry": {
        "type": "Polygon",
        "coordinates": [
          [
            [
              28.031236,
              53.98159
            ],
            [
              27.991346,
              53.945863
            ],
            [
              27.942404,
              53.905983
            ],
            [
              27.885567,
              53.862436
            ],
            [
              27.821582,
              53.81547
            ],
            [
              27.751186,
              53.765326
            ],
            [
              27.675108,
              53.712243
            ],
            [
              27.594078,
              53.656459
            ],
            [
              27.508823,
              53.598215
            ],
            [
              27.420071,
              53.537751
            ],
            [
              27.328554,
              53.47531
            ],
            [
              27.235008,
              53.411138
            ],
            [
              27.138949,
              53.346242
            ],
            [
              27.033321,
              53.285629
            ],
            [
              26.927736,
              53.223938
            ],
            [
              26.82291,
              53.161407
            ],
            [
              26.719566,
              53.098281
            ],
            [
              26.618428,
              53.03481
            ],
            [
              26.520228,
              52.971251
            ],
            [
              26.425702,
              52.907871
            ],
            [
              26.335589,
              52.844946
            ],
            [
              26.250637,
              52.782772
            ],
            [
              26.171349,
              52.721466
            ],
            [
              26.095151,
              52.659155
            ],
            [
              26.019427,
              52.594247
            ],
            [
              25.944389,
              52.527104
            ],
            [
              25.870082,
              52.457965
            ],
            [
              25.796548,
              52.387069
            ],
            [
              25.723817,
              52.314651
            ],
            [
              25.651918,
              52.240947
            ],
            [
              25.580872,
              52.16619
            ],
            [
              25.510698,
              52.090614
            ],
            [
              25.441412,
              52.014448
            ],
            [
              25.373025,
              51.937922
            ],
            [
              25.305546,
              51.861265
            ],
            [
              25.238984,
              51.784703
            ],
            [
              25.173341,
              51.708462
            ],
            [
              25.108622,
              51.632765
            ],
            [
              25.044825,
              51.557834
            ],
            [
              24.981948,
              51.48389
            ],
            [
              24.919985,
              51.41115
            ],
            [
              24.858928,
              51.339831
            ],
            [
              24.798764,
              51.270144
            ],
            [
              24.739473,
              51.202298
            ],
            [
              24.681401,
              51.136913
            ],
            [
              24.624476,
              51.073039
            ],
            [
              24.567986,
              51.008902
            ],
            [
              24.51173,
              50.94434
            ],
            [
              24.455854,
              50.879583
            ],
            [
              24.400506,
              50.814862
            ],
            [
              24.34583,
              50.750403
            ],
            [
              24.291971,
              50.686437
            ],
            [
              24.239073,
              50.623189
            ],
            [
              24.18728,
              50.560888
            ],
            [
              24.136735,
              50.499759
            ],
            [
              24.087581,
              50.440029
            ],
            [
              24.031118,
              50.384842
            ],
            [
              23.969402,
              50.333786
            ],
            [
              23.909528,
              50.284793
            ],
            [
              23.851641,
              50.238094
            ],
            [
              23.795885,
              50.193922
            ],
            [
              23.742404,
              50.152509
            ],
            [
              23.691343,
              50.114088
            ],
            [
              23.642848,
              50.078894
            ],
            [
              23.597066,
              50.047164
            ],
            [
              23.554149,
              50.019144
            ],
            [
              23.5,
              50.0
            ],
            [
              23.494357,
              50.039459
            ],
            [
              23.505865,
              50.077855
            ],
            [
              23.520141,
              50.119904
            ],
            [
              23.537056,
              50.165401
            ],
            [
              23.556478,
              50.214132
            ],
            [
              23.57827,
              50.265882
            ],
            [
              23.602294,
              50.320433
            ],
            [
              23.628414,
              50.377566
            ],
            [
              23.656491,
              50.437063
            ],
            [
              23.686388,
              50.498704
            ],
            [
              23.724919,
              50.559971
            ],
            [
              23.773858,
              50.620001
            ],
            [
              23.824224,
              50.681486
            ],
            [
              23.875878,
              50.744204
            ],
            [
              23.928681,
              50.807929
            ],
            [
              23.982495,
              50.872437
            ],
            [
              24.037182,
              50.937505
            ],
            [
              24.092605,
              51.002911
            ],
            [
              24.148629,
              51.068432
            ],
            [
              24.205117,
              51.133848
            ],
            [
              24.261935,
              51.198937
            ],
            [
              24.318599,
              51.263087
            ],
            [
              24.375196,
              51.327379
            ],
            [
              24.432641,
              51.393718
            ],
            [
              24.491278,
              51.462273
            ],
            [
              24.551089,
              51.532802
            ],
            [
              24.61206,
              51.605066
            ],
            [
              24.674183,
              51.67883
            ],
            [
              24.737453,
              51.753862
            ],
            [
              24.801865,
              51.829931
            ],
            [
              24.867421,
              51.906807
            ],
            [
              24.934123,
              51.984265
            ],
            [
              25.001975,
              52.062078
            ],
            [
              25.070985,
              52.140023
            ],
            [
              25.141161,
              52.217876
            ],
            [
              25.212517,
              52.295417
            ],
            [
              25.285066,
              52.372426
            ],
            [
              25.358828,
              52.448685
            ],
            [
              25.433824,
              52.523975
            ],
            [
              25.510083,
              52.598083
            ],
            [
              25.587636,
              52.670792
            ],
            [
              25.666523,
              52.741891
            ],
            [
              25.746791,
              52.811168
            ],
            [
              25.828651,
              52.878534
            ],
            [
              25.914418,
              52.945252
            ],
            [
              26.005508,
              53.012304
            ],
            [
              26.101017,
              53.079357
            ],
            [
              26.200283,
              53.146254
            ],
            [
              26.302637,
              53.212823
            ],
            [
              26.407407,
              53.278879
            ],
            [
              26.513914,
              53.344228
            ],
            [
              26.621475,
              53.408669
            ],
            [
              26.729404,
              53.471996
            ],
            [
              26.837009,
              53.533998
            ],
            [
              26.952492,
              53.588862
            ],
            [
              27.067388,
              53.641143
            ],
            [
              27.179807,
              53.6914
            ],
            [
              27.289074,
              53.739425
            ],
            [
              27.394511,
              53.785013
            ],
            [
              27.49544,
              53.827953
            ],
            [
              27.591179,
              53.868033
            ],
            [
              27.681048,
              53.905041
            ],
            [
              27.764367,
              53.938766
            ],
            [
              27.840466,
              53.968998
            ],
            [
              27.908682,
              53.995534
            ],
            [
              27.968764,
              54.01841
            ],
            [
              28.031236,
              53.98159
            ]
          ]
        ]
      }
    },
    {
      "type": "Feature",
      "properties": {
        "movement": "france-1940",
        "atlas_label": "Západní tažení",
        "faction": "axis",
        "year_from": 1940,
        "quarter_from": 2,
        "year_to": 1940,
        "quarter_to": 3
      },
      "geometry": {
        "type": "Polygon",
        "coordinates": [
          [
            [
              7.017519,
              50.772118
            ],
            [
              6.973777,
              50.750272
            ],
            [
              6.922035,
              50.726339
            ],
            [
              6.86284,
              50.700468
            ],
            [
              6.796804,
              50.672828
            ],
            [
              6.724541,
              50.643585
            ],
            [
              6.646667,
              50.612908
            ],
            [
              6.563796,
              50.580965
            ],
            [
              6.476545,
              50.547924
            ],
            [
              6.385529,
              50.513952
            ],
            [
              6.291362,
              50.479218
            ],
            [
              6.194658,
              50.443889
            ],
            [
              6.095328,
              50.40926
            ],
            [
              5.989551,
              50.382637
            ],
            [
              5.883119,
              50.355931
            ],
            [
              5.776649,
              50.329309
            ],
            [
              5.670756,
              50.302939
            ],
            [
              5.566053,
              50.27699
            ],
            [
              5.463151,
              50.251627
            ],
            [
              5.362657,
              50.227017
            ],
            [
              5.265175,
              50.203326
            ],
            [
              5.171302,
              50.180717
            ],
            [
              5.080294,
              50.159041
            ],
            [
              4.988616,
              50.138302
            ],
            [
              4.895441,
              50.118958
            ],
            [
              4.802461,
              50.101119
            ],
            [
              4.70988,
              50.084552
            ],
            [
              4.617896,
              50.069029
            ],
            [
              4.52671,
              50.054332
            ],
            [
              4.436521,
              50.040248
            ],
            [
              4.347536,
              50.026571
            ],
            [
              4.259963,
              50.013104
            ],
            [
              4.174016,
              49.999654
            ],
            [
              4.089914,
              49.98604
            ],
            [
              4.007879,
              49.972088
            ],
            [
              3.928136,
              49.957632
            ],
            [
              3.85091,
              49.942519
            ],
            [
              3.776423,
              49.926608
            ],
            [
              3.704887,
              49.90977
            ],
            [
              3.636498,
              49.891887
            ],
            [
              3.571424,
              49.872855
            ],
            [
              3.509799,
              49.852575
            ],
            [
              3.451707,
              49.830951
            ],
            [
              3.397175,
              49.807877
            ],
            [
              3.346757,
              49.783535
            ],
            [
              3.298974,
              49.756703
            ],
            [
              3.251161,
              49.72565
            ],
            [
              3.202975,
              49.690262
            ],
            [
              3.154899,
              49.65099
            ],
            [
              3.107314,
              49.608321
            ],
            [
              3.060513,
              49.56276
            ],
            [
              3.014719,
              49.514812
            ],
            [
              2.970103,
              49.46498
            ],
            [
              2.926793,
              49.413762
            ],
            [
              2.884887,
              49.361644
            ],
            [
              2.844458,
              49.309106
            ],
            [
              2.795411,
              49.259746
            ],
            [
              2.739848,
              49.213159
            ],
            [
              2.685798,
              49.167361
            ],
            [
              2.633335,
              49.122883
            ],
            [
              2.58252,
              49.080253
            ],
            [
              2.533407,
              49.039996
            ],
            [
              2.486045,
              49.002642
            ],
            [
              2.44049,
              48.968738
            ],
            [
              2.396812,
              48.938858
            ],
            [
              2.355131,
              48.913644
            ],
            [
              2.3,
              48.9
            ],
            [
              2.287637,
              48.937032
            ],
            [
              2.292444,
              48.972336
            ],
            [
              2.298973,
              49.011916
            ],
            [
              2.307343,
              49.055509
            ],
            [
              2.317626,
              49.102792
            ],
            [
              2.329877,
              49.153406
            ],
            [
              2.344145,
              49.206982
            ],
            [
              2.360483,
              49.263143
            ],
            [
              2.378953,
              49.321514
            ],
            [
              2.399631,
              49.381727
            ],
            [
              2.430542,
              49.440894
            ],
            [
              2.473791,
              49.49771
            ],
            [
              2.519282,
              49.554871
            ],
            [
              2.567088,
              49.611954
            ],
            [
              2.617306,
              49.668547
            ],
            [
              2.670066,
              49.724243
            ],
            [
              2.725537,
              49.778644
            ],
            [
              2.783944,
              49.831354
            ],
            [
              2.845579,
              49.881977
            ],
            [
              2.910822,
              49.930097
            ],
            [
              2.980158,
              49.975265
            ],
            [
              3.053243,
              50.016465
            ],
            [
              3.128792,
              50.053139
            ],
            [
              3.206445,
              50.086104
            ],
            [
              3.28636,
              50.115935
            ],
            [
              3.36817,
              50.142923
            ],
            [
              3.451566,
              50.167363
            ],
            [
              3.536285,
              50.189554
            ],
            [
              3.622102,
              50.209783
            ],
            [
              3.708819,
              50.22833
            ],
            [
              3.796254,
              50.245458
            ],
            [
              3.884233,
              50.261421
            ],
            [
              3.972586,
              50.27646
            ],
            [
              4.061145,
              50.290804
            ],
            [
              4.149738,
              50.304674
            ],
            [
              4.238189,
              50.318282
            ],
            [
              4.326317,
              50.331831
            ],
            [
              4.413936,
              50.345518
            ],
            [
              4.500858,
              50.35953
            ],
            [
              4.586889,
              50.374051
            ],
            [
              4.671835,
              50.389254
            ],
            [
              4.755499,
              50.405309
            ],
            [
              4.837689,
              50.422376
            ],
            [
              4.919706,
              50.440959
            ],
            [
              5.006178,
              50.461582
            ],
            [
              5.098462,
              50.483826
            ],
            [
              5.194575,
              50.507205
            ],
            [
              5.293874,
              50.531544
            ],
            [
              5.395724,
              50.556669
            ],
            [
              5.499492,
              50.58241
            ],
            [
              5.604549,
              50.608595
            ],
            [
              5.710269,
              50.635054
            ],
            [
              5.816028,
              50.661615
            ],
            [
              5.921201,
              50.688111
            ],
            [
              6.030342,
              50.706111
            ],
            [
              6.138391,
              50.722585
            ],
            [
              6.244017,
              50.73849
            ],
            [
              6.346595,
              50.753654
            ],
            [
              6.445501,
              50.767908
            ],
            [
              6.54011,
              50.781081
            ],
            [
              6.629798,
              50.793004
            ],
            [
              6.71394,
              50.803506
            ],
            [
              6.791912,
              50.812417
            ],
            [
              6.863089,
              50.819566
            ],
            [
              6.926843,
              50.824784
            ],
            [
              6.982481,
              50.827882
            ],
            [
              7.017519,
              50.772118
            ]
          ]
        ]
      }
    },
    {
      "type": "Feature",
      "properties": {
        "movement": "north-africa-axis",
        "atlas_label": "Osa v Africe",
        "faction": "axis",
        "year_from": 1940,
        "quarter_from": 3,
        "year_to": 1942,
        "quarter_to": 2
      },
      "geometry": {
        "type": "Polygon",
        "coordinates": [
          [
            [
              13.209618,
              32.92681
            ],
            [
              13.331538,
              32.90582
            ],
            [
              13.471694,
              32.879645
            ],
            [
              13.628663,
              32.848739
            ],
            [
              13.801137,
              32.813529
            ],
            [
              13.987811,
              32.774439
            ],
            [
              14.187381,
              32.731895
            ],
            [
              14.398544,
              32.68632
            ],
            [
              14.619996,
              32.638139
            ],
            [
              14.850435,
              32.587777
            ],
            [
              15.088556,
              32.535658
            ],
            [
              15.333054,
              32.482206
            ],
            [
              15.582235,
              32.426766
            ],
            [
              15.832363,
              32.362896
            ],
            [
              16.085009,
              32.298955
            ],
            [
              16.338872,
              32.235366
            ],
            [
              16.592649,
              32.172554
            ],
            [
              16.845034,
              32.110941
            ],
            [
              17.094721,
              32.050953
            ],
            [
              17.340398,
              31.993016
            ],
            [
              17.580748,
              31.937554
            ],
            [
              17.814449,
              31.884994
            ],
            [
              18.040685,
              31.835653
            ],
            [
              18.262881,
              31.787629
            ],
            [
              18.484417,
              31.739075
            ],
            [
              18.704993,
              31.690277
            ],
            [
              18.924831,
              31.641405
            ],
            [
              19.144157,
              31.592628
            ],
            [
              19.363197,
              31.544114
            ],
            [
              19.582177,
              31.496032
            ],
            [
              19.801323,
              31.44855
            ],
            [
              20.020862,
              31.401835
            ],
            [
              20.241024,
              31.356051
            ],
            [
              20.462037,
              31.311367
            ],
            [
              20.68413,
              31.267945
            ],
            [
              20.907533,
              31.225953
            ],
            [
              21.132477,
              31.185553
            ],
            [
              21.359194,
              31.14691
            ],
            [
              21.587916,
              31.110187
            ],
            [
              21.818875,
              31.07555
            ],
            [
              22.052306,
              31.043161
            ],
            [
              22.288442,
              31.013184
            ],
            [
              22.527519,
              30.985784
            ],
            [
              22.76977,
              30.961125
            ],
            [
              23.015161,
              30.939393
            ],
            [
              23.269992,
              30.920979
            ],
            [
              23.53964,
              30.905967
            ],
            [
              23.822341,
              30.894108
            ],
            [
              24.116025,
              30.885168
            ],
            [
              24.418647,
              30.878906
            ],
            [
              24.728183,
              30.875079
            ],
            [
              25.042619,
              30.873438
            ],
            [
              25.359953,
              30.873733
            ],
            [
              25.67819,
              30.875713
            ],
            [
              25.995341,
              30.879128
            ],
            [
              26.309422,
              30.883725
            ],
            [
              26.618628,
              30.882423
            ],
            [
              26.921009,
              30.876433
            ],
            [
              27.214443,
              30.870869
            ],
            [
              27.496934,
              30.865477
            ],
            [
              27.766486,
              30.860003
            ],
            [
              28.021104,
              30.854194
            ],
            [
              28.258791,
              30.847794
            ],
            [
              28.477546,
              30.84055
            ],
            [
              28.675361,
              30.832206
            ],
            [
              28.850204,
              30.822508
            ],
            [
              29.0,
              30.8
            ],
            [
              28.850866,
              30.775717
            ],
            [
              28.677006,
              30.761032
            ],
            [
              28.480286,
              30.744997
            ],
            [
              28.262622,
              30.727863
            ],
            [
              28.025947,
              30.709884
            ],
            [
              27.772206,
              30.691311
            ],
            [
              27.503348,
              30.672398
            ],
            [
              27.22132,
              30.653398
            ],
            [
              26.928071,
              30.634564
            ],
            [
              26.625549,
              30.61615
            ],
            [
              26.315578,
              30.603775
            ],
            [
              26.000151,
              30.599159
            ],
            [
              25.681408,
              30.595727
            ],
            [
              25.361309,
              30.593735
            ],
            [
              25.04181,
              30.593439
            ],
            [
              24.72486,
              30.595094
            ],
            [
              24.412401,
              30.598958
            ],
            [
              24.106364,
              30.605291
            ],
            [
              23.808669,
              30.614354
            ],
            [
              23.521216,
              30.626415
            ],
            [
              23.245879,
              30.641746
            ],
            [
              22.984839,
              30.660607
            ],
            [
              22.733874,
              30.682827
            ],
            [
              22.486756,
              30.70798
            ],
            [
              22.243,
              30.735914
            ],
            [
              22.00239,
              30.766456
            ],
            [
              21.764709,
              30.799431
            ],
            [
              21.52974,
              30.834666
            ],
            [
              21.297267,
              30.871986
            ],
            [
              21.067072,
              30.911217
            ],
            [
              20.838936,
              30.952184
            ],
            [
              20.61264,
              30.994714
            ],
            [
              20.387963,
              31.038633
            ],
            [
              20.164686,
              31.083768
            ],
            [
              19.942586,
              31.129946
            ],
            [
              19.721442,
              31.176994
            ],
            [
              19.501032,
              31.224741
            ],
            [
              19.281131,
              31.273016
            ],
            [
              19.061515,
              31.321647
            ],
            [
              18.841961,
              31.370466
            ],
            [
              18.622243,
              31.419302
            ],
            [
              18.402134,
              31.467987
            ],
            [
              18.181409,
              31.516353
            ],
            [
              17.959315,
              31.564347
            ],
            [
              17.731437,
              31.614038
            ],
            [
              17.495435,
              31.667104
            ],
            [
              17.253084,
              31.723015
            ],
            [
              17.005654,
              31.781353
            ],
            [
              16.754421,
              31.841698
            ],
            [
              16.500665,
              31.90363
            ],
            [
              16.24567,
              31.966728
            ],
            [
              15.990723,
              32.030572
            ],
            [
              15.737114,
              32.094739
            ],
            [
              15.486134,
              32.158809
            ],
            [
              15.241946,
              32.230294
            ],
            [
              15.003405,
              32.301908
            ],
            [
              14.771409,
              32.37215
            ],
            [
              14.547246,
              32.440599
            ],
            [
              14.332204,
              32.506834
            ],
            [
              14.12757,
              32.570434
            ],
            [
              13.934635,
              32.63098
            ],
            [
              13.754686,
              32.688049
            ],
            [
              13.589012,
              32.741221
            ],
            [
              13.4389,
              32.790077
            ],
            [
              13.305633,
              32.834197
            ],
            [
              13.190382,
              32.87319
            ],
            [
              13.209618,
              32.92681
            ]
          ]
        ]
      }
    },
    {
      "type": "Feature",
      "properties": {
        "movement": "barbarossa-1941",
        "atlas_label": "Operace Barbarossa",
        "faction": "axis",
        "year_from": 1941,
        "quarter_from": 2,
        "year_to": 1942,
        "quarter_to": 1
      },
      "geometry": {
        "type": "Polygon",
        "coordinates": [
          [
            [
              20.978947,
              52.229283
            ],
            [
              21.08246,
              52.269018
            ],
            [
              21.202124,
              52.313746
            ],
            [
              21.337085,
              52.363131
            ],
            [
              21.486239,
              52.416774
            ],
            [
              21.648474,
              52.474272
            ],
            [
              21.822678,
              52.535219
            ],
            [
              22.007738,
              52.599213
            ],
            [
              22.202542,
              52.665848
            ],
            [
              22.405977,
              52.734722
            ],
            [
              22.616937,
              52.805429
            ],
            [
              22.834317,
              52.877568
            ],
            [
              23.057896,
              52.949558
            ],
            [
              23.292133,
              53.013526
            ],
            [
              23.529411,
              53.077692
            ],
            [
              23.768617,
              53.141649
            ],
            [
              24.008644,
              53.204992
            ],
            [
              24.248388,
              53.267317
            ],
            [
              24.486753,
              53.328221
            ],
            [
              24.722649,
              53.387301
            ],
            [
              24.954998,
              53.444156
            ],
            [
              25.182734,
              53.498387
            ],
            [
              25.404553,
              53.549538
            ],
            [
              25.621648,
              53.598028
            ],
            [
              25.836659,
              53.64477
            ],
            [
              26.050204,
              53.689985
            ],
            [
              26.262715,
              53.733855
            ],
            [
              26.474624,
              53.776562
            ],
            [
              26.686362,
              53.818286
            ],
            [
              26.898367,
              53.859211
            ],
            [
              27.111076,
              53.899519
            ],
            [
              27.324931,
              53.939394
            ],
            [
              27.540375,
              53.979018
            ],
            [
              27.757855,
              54.018577
            ],
            [
              27.977821,
              54.058253
            ],
            [
              28.200728,
              54.098232
            ],
            [
              28.427028,
              54.138697
            ],
            [
              28.657182,
              54.179834
            ],
            [
              28.891647,
              54.221827
            ],
            [
              29.130885,
              54.264861
            ],
            [
              29.375357,
              54.30912
            ],
            [
              29.625528,
              54.35479
            ],
            [
              29.881859,
              54.402055
            ],
            [
              30.144815,
              54.4511
            ],
            [
              30.415128,
              54.502161
            ],
            [
              30.700902,
              54.556506
            ],
            [
              31.007663,
              54.614845
            ],
            [
              31.332572,
              54.676639
            ],
            [
              31.67304,
              54.741394
            ],
            [
              32.026476,
              54.808619
            ],
            [
              32.390289,
              54.87782
            ],
            [
              32.76189,
              54.948504
            ],
            [
              33.138689,
              55.020179
            ],
            [
              33.518095,
              55.09235
            ],
            [
              33.897518,
              55.164527
            ],
            [
              34.274368,
              55.236215
            ],
            [
              34.65037,
              55.299515
            ],
            [
              35.022049,
              55.355526
            ],
            [
              35.383434,
              55.409574
            ],
            [
              35.731935,
              55.461167
            ],
            [
              36.064957,
              55.509811
            ],
            [
              36.379908,
              55.555013
            ],
            [
              36.674191,
              55.59628
            ],
            [
              36.945213,
              55.633118
            ],
            [
              37.190376,
              55.665035
            ],
            [
              37.407084,
              55.691536
            ],
            [
              37.6,
              55.7
            ],
            [
              37.437375,
              55.64086
            ],
            [
              37.236371,
              55.587933
            ],
            [
              37.006834,
              55.529584
            ],
            [
              36.751353,
              55.466305
            ],
            [
              36.472515,
              55.398589
            ],
            [
              36.172909,
              55.326929
            ],
            [
              35.855124,
              55.251817
            ],
            [
              35.52175,
              55.173747
            ],
            [
              35.175378,
              55.093211
            ],
            [
              34.818601,
              55.010702
            ],
            [
              34.450632,
              54.932535
            ],
            [
              34.073181,
              54.860792
            ],
            [
              33.693156,
              54.788561
            ],
            [
              33.313152,
              54.716335
            ],
            [
              32.935762,
              54.644607
            ],
            [
              32.56358,
              54.57387
            ],
            [
              32.199201,
              54.504618
            ],
            [
              31.845217,
              54.437343
            ],
            [
              31.504224,
              54.37254
            ],
            [
              31.178814,
              54.3107
            ],
            [
              30.871581,
              54.252318
            ],
            [
              30.584872,
              54.197839
            ],
            [
              30.31268,
              54.146463
            ],
            [
              30.047517,
              54.097043
            ],
            [
              29.789217,
              54.04945
            ],
            [
              29.53734,
              54.003502
            ],
            [
              29.291448,
              53.959017
            ],
            [
              29.051103,
              53.915814
            ],
            [
              28.815865,
              53.873711
            ],
            [
              28.585293,
              53.832527
            ],
            [
              28.358946,
              53.792081
            ],
            [
              28.136378,
              53.75219
            ],
            [
              27.917145,
              53.712673
            ],
            [
              27.700798,
              53.673348
            ],
            [
              27.486884,
              53.634033
            ],
            [
              27.274949,
              53.594545
            ],
            [
              27.064537,
              53.554702
            ],
            [
              26.855185,
              53.514321
            ],
            [
              26.646432,
              53.473218
            ],
            [
              26.437811,
              53.431209
            ],
            [
              26.228853,
              53.38811
            ],
            [
              26.019089,
              53.343735
            ],
            [
              25.808047,
              53.2979
            ],
            [
              25.595447,
              53.250462
            ],
            [
              25.378592,
              53.200509
            ],
            [
              25.155445,
              53.147429
            ],
            [
              24.926957,
              53.091582
            ],
            [
              24.694314,
              53.033387
            ],
            [
              24.458693,
              52.973258
            ],
            [
              24.221259,
              52.911612
            ],
            [
              23.983168,
              52.848861
            ],
            [
              23.745571,
              52.785419
            ],
            [
              23.509614,
              52.721697
            ],
            [
              23.276439,
              52.658105
            ],
            [
              23.040683,
              52.603682
            ],
            [
              22.809058,
              52.55137
            ],
            [
              22.583598,
              52.500407
            ],
            [
              22.365452,
              52.451206
            ],
            [
              22.155767,
              52.404182
            ],
            [
              21.955684,
              52.359747
            ],
            [
              21.766345,
              52.318314
            ],
            [
              21.588893,
              52.280295
            ],
            [
              21.424466,
              52.246105
            ],
            [
              21.274209,
              52.216157
            ],
            [
              21.139272,
              52.190866
            ],
            [
              21.021053,
              52.170717
            ],
            [
              20.978947,
              52.229283
            ]
          ]
        ]
      }
    },
    {
      "type": "Feature",
      "properties": {
        "movement": "pacific-japan-1941",
        "atlas_label": "Japonská expanze",
        "faction": "axis",
        "year_from": 1941,
        "quarter_from": 4,
        "year_to": 1942,
        "quarter_to": 2
      },
      "geometry": {
        "type": "Polygon",
        "coordinates": [
          [
            [
              139.731645,
              34.977999
            ],
            [
              139.551789,
              34.786807
            ],
            [
              139.342586,
              34.570142
            ],
            [
              139.106264,
              34.329698
            ],
            [
              138.844915,
              34.067036
            ],
            [
              138.560629,
              33.783714
            ],
            [
              138.255495,
              33.481289
            ],
            [
              137.931603,
              33.161317
            ],
            [
              137.591045,
              32.825356
            ],
            [
              137.235912,
              32.474963
            ],
            [
              136.868299,
              32.111695
            ],
            [
              136.490302,
              31.737114
            ],
            [
              136.102818,
              31.353695
            ],
            [
              135.700372,
              30.968786
            ],
            [
              135.293895,
              30.577224
            ],
            [
              134.885478,
              30.180563
            ],
            [
              134.477215,
              29.780361
            ],
            [
              134.0712,
              29.378177
            ],
            [
              133.669529,
              28.975573
            ],
            [
              133.2743,
              28.574111
            ],
            [
              132.887612,
              28.175361
            ],
            [
              132.51157,
              27.780895
            ],
            [
              132.147845,
              27.391823
            ],
            [
              131.78781,
              27.003754
            ],
            [
              131.422757,
              26.612121
            ],
            [
              131.053767,
              26.21725
            ],
            [
              130.681485,
              25.818994
            ],
            [
              130.306554,
              25.417211
            ],
            [
              129.929619,
              25.011755
            ],
            [
              129.551325,
              24.602484
            ],
            [
              129.172315,
              24.189256
            ],
            [
              128.793235,
              23.771929
            ],
            [
              128.414729,
              23.350363
            ],
            [
              128.037442,
              22.924418
            ],
            [
              127.662018,
              22.493955
            ],
            [
              127.289102,
              22.058834
            ],
            [
              126.919339,
              21.618917
            ],
            [
              126.553372,
              21.174067
            ],
            [
              126.191846,
              20.724147
            ],
            [
              125.835405,
              20.26902
            ],
            [
              125.484693,
              19.808549
            ],
            [
              125.140352,
              19.342599
            ],
            [
              124.803026,
              18.871035
            ],
            [
              124.473355,
              18.39372
            ],
            [
              124.152148,
              17.910773
            ],
            [
              123.83355,
              17.408248
            ],
            [
              123.511715,
              16.874475
            ],
            [
              123.18767,
              16.313315
            ],
            [
              122.862625,
              15.728935
            ],
            [
              122.537765,
              15.12548
            ],
            [
              122.214261,
              14.507085
            ],
            [
              121.893275,
              13.877872
            ],
            [
              121.575958,
              13.241954
            ],
            [
              121.263457,
              12.603438
            ],
            [
              120.956914,
              11.966426
            ],
            [
              120.657465,
              11.335015
            ],
            [
              120.358568,
              10.716747
            ],
            [
              120.063014,
              10.114913
            ],
            [
              119.777976,
              9.530899
            ],
            [
              119.504586,
              8.968815
            ],
            [
              119.243977,
              8.432772
            ],
            [
              118.997279,
              7.926879
            ],
            [
              118.765624,
              7.455247
            ],
            [
              118.550147,
              7.021994
            ],
            [
              118.351986,
              6.631249
            ],
            [
              118.172292,
              6.287164
            ],
            [
              118.0,
              6.0
            ],
            [
              118.120721,
              6.311681
            ],
            [
              118.273108,
              6.667774
            ],
            [
              118.443843,
              7.07037
            ],
            [
              118.631821,
              7.515452
            ],
            [
              118.835929,
              7.998976
            ],
            [
              119.055046,
              8.51689
            ],
            [
              119.288051,
              9.065135
            ],
            [
              119.53382,
              9.639649
            ],
            [
              119.791231,
              10.236373
            ],
            [
              120.059163,
              10.851247
            ],
            [
              120.342535,
              11.477485
            ],
            [
              120.641884,
              12.110208
            ],
            [
              120.948413,
              12.748788
            ],
            [
              121.261006,
              13.389151
            ],
            [
              121.578551,
              14.027228
            ],
            [
              121.899938,
              14.658955
            ],
            [
              122.224068,
              15.280277
            ],
            [
              122.549847,
              15.887143
            ],
            [
              122.876191,
              16.475518
            ],
            [
              123.202034,
              17.041378
            ],
            [
              123.52633,
              17.580717
            ],
            [
              123.847852,
              18.089227
            ],
            [
              124.171676,
              18.577402
            ],
            [
              124.503511,
              19.059093
            ],
            [
              124.842865,
              19.534701
            ],
            [
              125.189086,
              20.004373
            ],
            [
              125.54152,
              20.468255
            ],
            [
              125.899514,
              20.926491
            ],
            [
              126.262415,
              21.379229
            ],
            [
              126.629572,
              21.826613
            ],
            [
              127.000333,
              22.268787
            ],
            [
              127.374045,
              22.705895
            ],
            [
              127.750058,
              23.138082
            ],
            [
              128.12772,
              23.56549
            ],
            [
              128.50638,
              23.988261
            ],
            [
              128.885386,
              24.406537
            ],
            [
              129.264087,
              24.82046
            ],
            [
              129.641831,
              25.230169
            ],
            [
              130.017967,
              25.635804
            ],
            [
              130.391844,
              26.037505
            ],
            [
              130.762809,
              26.435408
            ],
            [
              131.130211,
              26.829652
            ],
            [
              131.493398,
              27.220373
            ],
            [
              131.852155,
              27.608177
            ],
            [
              132.216041,
              27.998548
            ],
            [
              132.592778,
              28.394887
            ],
            [
              132.97987,
              28.795207
            ],
            [
              133.37525,
              29.197981
            ],
            [
              133.776847,
              29.601678
            ],
            [
              134.18259,
              30.004763
            ],
            [
              134.590404,
              30.405697
            ],
            [
              134.998216,
              30.802941
            ],
            [
              135.403948,
              31.194953
            ],
            [
              135.805522,
              31.580189
            ],
            [
              136.209698,
              31.950386
            ],
            [
              136.606832,
              32.309792
            ],
            [
              136.993652,
              32.657785
            ],
            [
              137.368083,
              32.992826
            ],
            [
              137.728051,
              33.313373
            ],
            [
              138.071477,
              33.617885
            ],
            [
              138.396283,
              33.904819
            ],
            [
              138.700389,
              34.172634
            ],
            [
              138.981715,
              34.419786
            ],
            [
              139.23818,
              34.644734
            ],
            [
              139.467708,
              34.845941
            ],
            [
              139.668355,
              35.022001
            ],
            [
              139.731645,
              34.977999
            ]
          ]
        ]
      }
    },
    {
      "type": "Feature",
      "properties": {
        "movement": "stalingrad-1942",
        "atlas_label": "Protiúder u Stalingradu",
        "faction": "soviet",
        "year_from": 1942,
        "quarter_from": 3,
        "year_to": 1943,
        "quarter_to": 1
      },
      "geometry": {
        "type": "Polygon",
        "coordinates": [
          [
            [
              45.028182,
              50.47849
            ],
            [
              44.988506,
              50.445197
            ],
            [
              44.941645,
              50.407688
            ],
            [
              44.887905,
              50.366193
            ],
            [
              44.827773,
              50.32104
            ],
            [
              44.76174,
              50.27256
            ],
            [
              44.6903,
              50.221084
            ],
            [
              44.613949,
              50.166944
            ],
            [
              44.533181,
              50.110471
            ],
            [
              44.448491,
              50.051998
            ],
            [
              44.360373,
              49.991856
            ],
            [
              44.269319,
              49.930375
            ],
            [
              44.174694,
              49.868755
            ],
            [
              44.069914,
              49.812853
            ],
            [
              43.963784,
              49.756652
            ],
            [
              43.856805,
              49.700487
            ],
            [
              43.749471,
              49.644689
            ],
            [
              43.642275,
              49.589592
            ],
            [
              43.535704,
              49.535525
            ],
            [
              43.430238,
              49.482815
            ],
            [
              43.326349,
              49.431787
            ],
            [
              43.224496,
              49.382762
            ],
            [
              43.125626,
              49.33629
            ],
            [
              43.028809,
              49.291492
            ],
            [
              42.93181,
              49.246837
            ],
            [
              42.83417,
              49.202158
            ],
            [
              42.735918,
              49.157512
            ],
            [
              42.637081,
              49.112954
            ],
            [
              42.537688,
              49.068542
            ],
            [
              42.437764,
              49.024333
            ],
            [
              42.337336,
              48.980384
            ],
            [
              42.236432,
              48.93675
            ],
            [
              42.135076,
              48.893489
            ],
            [
              42.033294,
              48.850658
            ],
            [
              41.931112,
              48.808313
            ],
            [
              41.828554,
              48.76651
            ],
            [
              41.725645,
              48.725307
            ],
            [
              41.62241,
              48.684761
            ],
            [
              41.518871,
              48.644928
            ],
            [
              41.415052,
              48.605866
            ],
            [
              41.310977,
              48.567631
            ],
            [
              41.206667,
              48.530281
            ],
            [
              41.102144,
              48.493873
            ],
            [
              40.997429,
              48.458465
            ],
            [
              40.892114,
              48.423977
            ],
            [
              40.783601,
              48.390027
            ],
            [
              40.670652,
              48.356514
            ],
            [
              40.554361,
              48.323607
            ],
            [
              40.435334,
              48.291325
            ],
            [
              40.314188,
              48.259696
            ],
            [
              40.191555,
              48.228755
            ],
            [
              40.068075,
              48.198541
            ],
            [
              39.944396,
              48.169099
            ],
            [
              39.821171,
              48.140476
            ],
            [
              39.69906,
              48.112722
            ],
            [
              39.578727,
              48.085886
            ],
            [
              39.457658,
              48.066514
            ],
            [
              39.337314,
              48.053291
            ],
            [
              39.220869,
              48.041169
            ],
            [
              39.10896,
              48.030195
            ],
            [
              39.002225,
              48.020418
            ],
            [
              38.901303,
              48.011884
            ],
            [
              38.806829,
              48.004642
            ],
            [
              38.719431,
              47.998739
            ],
            [
              38.639723,
              47.994218
            ],
            [
              38.568286,
              47.991117
            ],
            [
              38.5,
              48.0
            ],
            [
              38.545745,
              48.035414
            ],
            [
              38.606408,
              48.06183
            ],
            [
              38.675516,
              48.0897
            ],
            [
              38.752299,
              48.118949
            ],
            [
              38.836019,
              48.149508
            ],
            [
              38.925949,
              48.18131
            ],
            [
              39.021374,
              48.214292
            ],
            [
              39.12158,
              48.248388
            ],
            [
              39.225852,
              48.283533
            ],
            [
              39.333477,
              48.319662
            ],
            [
              39.446273,
              48.351614
            ],
            [
              39.564351,
              48.377962
            ],
            [
              39.683844,
              48.405138
            ],
            [
              39.804064,
              48.43308
            ],
            [
              39.924317,
              48.461724
            ],
            [
              40.043907,
              48.491005
            ],
            [
              40.162127,
              48.520854
            ],
            [
              40.278265,
              48.551199
            ],
            [
              40.3916,
              48.581962
            ],
            [
              40.501399,
              48.613058
            ],
            [
              40.606914,
              48.644393
            ],
            [
              40.707886,
              48.676023
            ],
            [
              40.807107,
              48.708562
            ],
            [
              40.906872,
              48.74234
            ],
            [
              41.006716,
              48.777167
            ],
            [
              41.106604,
              48.812985
            ],
            [
              41.206501,
              48.849741
            ],
            [
              41.306373,
              48.887378
            ],
            [
              41.406187,
              48.925842
            ],
            [
              41.50591,
              48.965076
            ],
            [
              41.605509,
              49.005024
            ],
            [
              41.704951,
              49.045632
            ],
            [
              41.804206,
              49.086842
            ],
            [
              41.903241,
              49.128599
            ],
            [
              42.002026,
              49.170848
            ],
            [
              42.10053,
              49.213531
            ],
            [
              42.198722,
              49.256593
            ],
            [
              42.296572,
              49.299978
            ],
            [
              42.394051,
              49.343629
            ],
            [
              42.49113,
              49.387492
            ],
            [
              42.587778,
              49.43151
            ],
            [
              42.683968,
              49.475627
            ],
            [
              42.779671,
              49.519788
            ],
            [
              42.874374,
              49.56371
            ],
            [
              42.96955,
              49.608551
            ],
            [
              43.06734,
              49.655741
            ],
            [
              43.167677,
              49.705154
            ],
            [
              43.270006,
              49.756436
            ],
            [
              43.373784,
              49.809234
            ],
            [
              43.478478,
              49.8632
            ],
            [
              43.58356,
              49.917986
            ],
            [
              43.688507,
              49.97325
            ],
            [
              43.792802,
              50.028648
            ],
            [
              43.89593,
              50.083837
            ],
            [
              44.005681,
              50.132125
            ],
            [
              44.114458,
              50.178693
            ],
            [
              44.220611,
              50.224063
            ],
            [
              44.323619,
              50.267891
            ],
            [
              44.422959,
              50.309831
            ],
            [
              44.518114,
              50.34954
            ],
            [
              44.608564,
              50.386672
            ],
            [
              44.69379,
              50.420883
            ],
            [
              44.77327,
              50.451829
            ],
            [
              44.846484,
              50.479164
            ],
            [
              44.912902,
              50.502539
            ],
            [
              44.971818,
              50.52151
            ],
            [
              45.028182,
              50.47849
            ]
          ]
        ]
      }
    },
    {
      "type": "Feature",
      "properties": {
        "movement": "north-africa-allies",
        "atlas_label": "Spojenci v Africe",
        "faction": "allies",
        "year_from": 1942,
        "quarter_from": 3,
        "year_to": 1943,
        "quarter_to": 2
      },
      "geometry": {
        "type": "Polygon",
        "coordinates": [
          [
            [
              28.992071,
              30.772841
            ],
            [
              28.854377,
              30.79278
            ],
            [
              28.6974,
              30.816245
            ],
            [
              28.522286,
              30.843093
            ],
            [
              28.330291,
              30.873157
            ],
            [
              28.122672,
              30.906271
            ],
            [
              27.900689,
              30.942267
            ],
            [
              27.665601,
              30.980977
            ],
            [
              27.41867,
              31.022234
            ],
            [
              27.161154,
              31.065871
            ],
            [
              26.894315,
              31.11172
            ],
            [
              26.619411,
              31.159614
            ],
            [
              26.338019,
              31.210485
            ],
            [
              26.05345,
              31.271113
            ],
            [
              25.764648,
              31.333274
            ],
            [
              25.472878,
              31.396802
            ],
            [
              25.179404,
              31.461527
            ],
            [
              24.885487,
              31.527283
            ],
            [
              24.592388,
              31.593903
            ],
            [
              24.301365,
              31.661221
            ],
            [
              24.013675,
              31.729072
            ],
            [
              23.730572,
              31.797292
            ],
            [
              23.45372,
              31.865614
            ],
            [
              23.179259,
              31.933818
            ],
            [
              22.901762,
              32.002122
            ],
            [
              22.621007,
              32.070799
            ],
            [
              22.337195,
              32.140017
            ],
            [
              22.050526,
              32.209943
            ],
            [
              21.761201,
              32.280746
            ],
            [
              21.469419,
              32.352595
            ],
            [
              21.175379,
              32.42566
            ],
            [
              20.879281,
              32.500109
            ],
            [
              20.581323,
              32.576112
            ],
            [
              20.281704,
              32.65384
            ],
            [
              19.980622,
              32.733463
            ],
            [
              19.678276,
              32.815151
            ],
            [
              19.374862,
              32.899076
            ],
            [
              19.07058,
              32.985409
            ],
            [
              18.765626,
              33.074321
            ],
            [
              18.460198,
              33.165985
            ],
            [
              18.154493,
              33.260571
            ],
            [
              17.84871,
              33.358253
            ],
            [
              17.543046,
              33.459202
            ],
            [
              17.237699,
              33.563592
            ],
            [
              16.932689,
              33.671659
            ],
            [
              16.620523,
              33.787053
            ],
            [
              16.295269,
              33.912375
            ],
            [
              15.959062,
              34.04638
            ],
            [
              15.613831,
              34.187902
            ],
            [
              15.261523,
              34.335772
            ],
            [
              14.904101,
              34.488816
            ],
            [
              14.543537,
              34.64586
            ],
            [
              14.181812,
              34.805727
            ],
            [
              13.820909,
              34.96724
            ],
            [
              13.46282,
              35.129217
            ],
            [
              13.109537,
              35.290478
            ],
            [
              12.767203,
              35.455781
            ],
            [
              12.437018,
              35.622639
            ],
            [
              12.117733,
              35.785201
            ],
            [
              11.811329,
              35.942291
            ],
            [
              11.519788,
              36.092735
            ],
            [
              11.245091,
              36.235357
            ],
            [
              10.989217,
              36.368985
            ],
            [
              10.75414,
              36.492445
            ],
            [
              10.541828,
              36.60457
            ],
            [
              10.354228,
              36.7042
            ],
            [
              10.2,
              36.8
            ],
            [
              10.382915,
              36.744955
            ],
            [
              10.585896,
              36.666354
            ],
            [
              10.8136,
              36.57523
            ],
            [
              11.063976,
              36.472789
            ],
            [
              11.33499,
              36.360229
            ],
            [
              11.624615,
              36.238745
            ],
            [
              11.93083,
              36.109531
            ],
            [
              12.251614,
              35.973778
            ],
            [
              12.584949,
              35.832677
            ],
            [
              12.928815,
              35.68742
            ],
            [
              13.277963,
              35.534522
            ],
            [
              13.629592,
              35.373864
            ],
            [
              13.985843,
              35.212569
            ],
            [
              14.34471,
              35.051823
            ],
            [
              14.704181,
              34.892814
            ],
            [
              15.06224,
              34.736729
            ],
            [
              15.416868,
              34.584758
            ],
            [
              15.766034,
              34.438093
            ],
            [
              16.107702,
              34.297928
            ],
            [
              16.439818,
              34.165461
            ],
            [
              16.760309,
              34.041892
            ],
            [
              17.067311,
              33.928341
            ],
            [
              17.367608,
              33.821889
            ],
            [
              17.668825,
              33.718859
            ],
            [
              17.970589,
              33.619151
            ],
            [
              18.272704,
              33.522599
            ],
            [
              18.574973,
              33.429038
            ],
            [
              18.877199,
              33.338301
            ],
            [
              19.179186,
              33.250222
            ],
            [
              19.480735,
              33.164635
            ],
            [
              19.781651,
              33.081374
            ],
            [
              20.081737,
              33.000271
            ],
            [
              20.380796,
              32.92116
            ],
            [
              20.678632,
              32.843873
            ],
            [
              20.975049,
              32.768242
            ],
            [
              21.26985,
              32.6941
            ],
            [
              21.562841,
              32.621278
            ],
            [
              21.853826,
              32.549607
            ],
            [
              22.142609,
              32.478919
            ],
            [
              22.428996,
              32.409044
            ],
            [
              22.712792,
              32.339813
            ],
            [
              22.993805,
              32.271056
            ],
            [
              23.271839,
              32.202602
            ],
            [
              23.54628,
              32.134386
            ],
            [
              23.821692,
              32.066401
            ],
            [
              24.102779,
              31.998652
            ],
            [
              24.388671,
              31.93121
            ],
            [
              24.678086,
              31.864249
            ],
            [
              24.969744,
              31.797943
            ],
            [
              25.26237,
              31.732463
            ],
            [
              25.554686,
              31.66798
            ],
            [
              25.84542,
              31.604667
            ],
            [
              26.133299,
              31.542693
            ],
            [
              26.417052,
              31.482228
            ],
            [
              26.693089,
              31.415386
            ],
            [
              26.962184,
              31.349287
            ],
            [
              27.223378,
              31.285199
            ],
            [
              27.475395,
              31.223295
            ],
            [
              27.716959,
              31.163745
            ],
            [
              27.946794,
              31.106719
            ],
            [
              28.163625,
              31.052388
            ],
            [
              28.366177,
              31.000923
            ],
            [
              28.553174,
              30.952493
            ],
            [
              28.723337,
              30.907272
            ],
            [
              28.875385,
              30.865429
            ],
            [
              29.007929,
              30.827159
            ],
            [
              28.992071,
              30.772841
            ]
          ]
        ]
      }
    },
    {
      "type": "Feature",
      "properties": {
        "movement": "italy-1943",
        "atlas_label": "Postup v Itálii",
        "faction": "allies",
        "year_from": 1943,
        "quarter_from": 3,
        "year_to": 1944,
        "quarter_to": 2
      },
      "geometry": {
        "type": "Polygon",
        "coordinates": [
          [
            [
              13.972121,
              37.190897
            ],
            [
              13.940313,
              37.231359
            ],
            [
              13.904723,
              37.277058
            ],
            [
              13.865526,
              37.327997
            ],
            [
              13.823022,
              37.383926
            ],
            [
              13.777518,
              37.444587
            ],
            [
              13.729325,
              37.509717
            ],
            [
              13.678756,
              37.579052
            ],
            [
              13.626125,
              37.652326
            ],
            [
              13.571745,
              37.729274
            ],
            [
              13.515934,
              37.809632
            ],
            [
              13.459005,
              37.893136
            ],
            [
              13.40241,
              37.979899
            ],
            [
              13.353703,
              38.071971
            ],
            [
              13.30492,
              38.166277
            ],
            [
              13.256387,
              38.26254
            ],
            [
              13.208429,
              38.360485
            ],
            [
              13.161374,
              38.459838
            ],
            [
              13.115546,
              38.56033
            ],
            [
              13.071273,
              38.66169
            ],
            [
              13.028882,
              38.763654
            ],
            [
              12.9887,
              38.865959
            ],
            [
              12.951101,
              38.968225
            ],
            [
              12.915317,
              39.072421
            ],
            [
              12.880267,
              39.180634
            ],
            [
              12.845889,
              39.292546
            ],
            [
              12.812149,
              39.407764
            ],
            [
              12.779022,
              39.525892
            ],
            [
              12.746484,
              39.646524
            ],
            [
              12.714513,
              39.769255
            ],
            [
              12.68309,
              39.893674
            ],
            [
              12.652197,
              40.019368
            ],
            [
              12.621818,
              40.145922
            ],
            [
              12.591936,
              40.27292
            ],
            [
              12.562536,
              40.399942
            ],
            [
              12.533603,
              40.52657
            ],
            [
              12.505125,
              40.652381
            ],
            [
              12.477086,
              40.776954
            ],
            [
              12.449475,
              40.899864
            ],
            [
              12.422279,
              41.020685
            ],
            [
              12.395486,
              41.13899
            ],
            [
              12.369086,
              41.254348
            ],
            [
              12.343068,
              41.366329
            ],
            [
              12.317425,
              41.474495
            ],
            [
              12.292099,
              41.578609
            ],
            [
              12.266816,
              41.681305
            ],
            [
              12.241454,
              41.784873
            ],
            [
              12.21613,
              41.888789
            ],
            [
              12.190915,
              41.992713
            ],
            [
              12.16588,
              42.09631
            ],
            [
              12.141096,
              42.199242
            ],
            [
              12.116634,
              42.301171
            ],
            [
              12.092566,
              42.401759
            ],
            [
              12.068962,
              42.500669
            ],
            [
              12.045895,
              42.597562
            ],
            [
              12.023435,
              42.692101
            ],
            [
              12.009518,
              42.784939
            ],
            [
              12.002564,
              42.875518
            ],
            [
              11.996473,
              42.962718
            ],
            [
              11.991313,
              43.046205
            ],
            [
              11.987152,
              43.12564
            ],
            [
              11.984059,
              43.200689
            ],
            [
              11.982101,
              43.271013
            ],
            [
              11.981346,
              43.336279
            ],
            [
              11.981859,
              43.39615
            ],
            [
              11.983708,
              43.450292
            ],
            [
              12.0,
              43.5
            ],
            [
              12.038169,
              43.457052
            ],
            [
              12.064647,
              43.406405
            ],
            [
              12.0924,
              43.350029
            ],
            [
              12.121355,
              43.288265
            ],
            [
              12.151436,
              43.221456
            ],
            [
              12.18257,
              43.149942
            ],
            [
              12.214684,
              43.074062
            ],
            [
              12.247704,
              42.994156
            ],
            [
              12.281559,
              42.910564
            ],
            [
              12.316177,
              42.823626
            ],
            [
              12.345315,
              42.732899
            ],
            [
              12.367253,
              42.638501
            ],
            [
              12.389786,
              42.541761
            ],
            [
              12.412844,
              42.443019
            ],
            [
              12.436357,
              42.342612
            ],
            [
              12.460257,
              42.240878
            ],
            [
              12.484472,
              42.138156
            ],
            [
              12.508935,
              42.034785
            ],
            [
              12.533574,
              41.931102
            ],
            [
              12.55832,
              41.827448
            ],
            [
              12.583104,
              41.724161
            ],
            [
              12.607901,
              41.621391
            ],
            [
              12.63289,
              41.516555
            ],
            [
              12.658209,
              41.407526
            ],
            [
              12.68383,
              41.29491
            ],
            [
              12.709773,
              41.179117
            ],
            [
              12.736056,
              41.060561
            ],
            [
              12.762696,
              40.939655
            ],
            [
              12.78971,
              40.816819
            ],
            [
              12.817114,
              40.692472
            ],
            [
              12.844923,
              40.567035
            ],
            [
              12.873152,
              40.440929
            ],
            [
              12.901814,
              40.31458
            ],
            [
              12.930924,
              40.188413
            ],
            [
              12.960495,
              40.062854
            ],
            [
              12.990539,
              39.938332
            ],
            [
              13.021066,
              39.815277
            ],
            [
              13.052088,
              39.694122
            ],
            [
              13.083614,
              39.575301
            ],
            [
              13.115649,
              39.459253
            ],
            [
              13.148199,
              39.346419
            ],
            [
              13.181265,
              39.237247
            ],
            [
              13.214843,
              39.13219
            ],
            [
              13.248899,
              39.031775
            ],
            [
              13.284539,
              38.933722
            ],
            [
              13.322734,
              38.835444
            ],
            [
              13.363207,
              38.737127
            ],
            [
              13.405641,
              38.639069
            ],
            [
              13.449713,
              38.54157
            ],
            [
              13.495102,
              38.444925
            ],
            [
              13.541486,
              38.349425
            ],
            [
              13.588544,
              38.255361
            ],
            [
              13.635952,
              38.163022
            ],
            [
              13.68339,
              38.072693
            ],
            [
              13.722245,
              37.981864
            ],
            [
              13.759423,
              37.893148
            ],
            [
              13.795727,
              37.807221
            ],
            [
              13.830825,
              37.724383
            ],
            [
              13.864383,
              37.644934
            ],
            [
              13.896069,
              37.569171
            ],
            [
              13.925548,
              37.497393
            ],
            [
              13.952485,
              37.429898
            ],
            [
              13.976543,
              37.366988
            ],
            [
              13.99738,
              37.308967
            ],
            [
              14.014651,
              37.256151
            ],
            [
              14.027879,
              37.209103
            ],
            [
              13.972121,
              37.190897
            ]
          ]
        ]
      }
    },
    {
      "type": "Feature",
      "properties": {
        "movement": "normandy-1944",
        "atlas_label": "Normandie (D-Day)",
        "faction": "allies",
        "year_from": 1944,
        "quarter_from": 2,
        "year_to": 1944,
        "quarter_to": 4
      },
      "geometry": {
        "type": "Polygon",
        "coordinates": [
          [
            [
              -1.162448,
              50.460211
            ],
            [
              -1.137765,
              50.445654
            ],
            [
              -1.112033,
              50.427564
            ],
            [
              -1.085641,
              50.406867
            ],
            [
              -1.058558,
              50.383862
            ],
            [
              -1.030745,
              50.358828
            ],
            [
              -1.002166,
              50.332037
            ],
            [
              -0.972785,
              50.303754
            ],
            [
              -0.942571,
              50.274245
            ],
            [
              -0.911498,
              50.243778
            ],
            [
              -0.879547,
              50.212623
            ],
            [
              -0.846705,
              50.181054
            ],
            [
              -0.814492,
              50.148962
            ],
            [
              -0.792445,
              50.114013
            ],
            [
              -0.769311,
              50.079187
            ],
            [
              -0.745073,
              50.044721
            ],
            [
              -0.719731,
              50.010858
            ],
            [
              -0.693295,
              49.977842
            ],
            [
              -0.665793,
              49.945919
            ],
            [
              -0.637272,
              49.915334
            ],
            [
              -0.6078,
              49.886329
            ],
            [
              -0.577473,
              49.859137
            ],
            [
              -0.545129,
              49.832987
            ],
            [
              -0.509099,
              49.80583
            ],
            [
              -0.470295,
              49.777495
            ],
            [
              -0.429958,
              49.748984
            ],
            [
              -0.388123,
              49.720373
            ],
            [
              -0.344827,
              49.691734
            ],
            [
              -0.300105,
              49.663141
            ],
            [
              -0.253994,
              49.634667
            ],
            [
              -0.20653,
              49.606383
            ],
            [
              -0.157751,
              49.57836
            ],
            [
              -0.107694,
              49.55067
            ],
            [
              -0.056395,
              49.523383
            ],
            [
              -0.003892,
              49.496569
            ],
            [
              0.049777,
              49.470296
            ],
            [
              0.104574,
              49.444634
            ],
            [
              0.16046,
              49.419651
            ],
            [
              0.217398,
              49.395413
            ],
            [
              0.275349,
              49.371987
            ],
            [
              0.334274,
              49.349439
            ],
            [
              0.394136,
              49.327833
            ],
            [
              0.454897,
              49.307232
            ],
            [
              0.516519,
              49.287701
            ],
            [
              0.578067,
              49.269552
            ],
            [
              0.641826,
              49.252643
            ],
            [
              0.711506,
              49.236329
            ],
            [
              0.787189,
              49.220473
            ],
            [
              0.867965,
              49.205169
            ],
            [
              0.952985,
              49.19047
            ],
            [
              1.041437,
              49.176404
            ],
            [
              1.132545,
              49.162982
            ],
            [
              1.225553,
              49.150202
            ],
            [
              1.319727,
              49.138056
            ],
            [
              1.414345,
              49.12653
            ],
            [
              1.508698,
              49.115605
            ],
            [
              1.60051,
              49.099005
            ],
            [
              1.689575,
              49.078031
            ],
            [
              1.776437,
              49.057577
            ],
            [
              1.86036,
              49.037623
            ],
            [
              1.940609,
              49.018149
            ],
            [
              2.016455,
              48.999133
            ],
            [
              2.087163,
              48.980551
            ],
            [
              2.151992,
              48.962381
            ],
            [
              2.210178,
              48.944603
            ],
            [
              2.260912,
              48.927201
            ],
            [
              2.3,
              48.9
            ],
            [
              2.248817,
              48.884482
            ],
            [
              2.193278,
              48.879439
            ],
            [
              2.13054,
              48.874753
            ],
            [
              2.061146,
              48.870464
            ],
            [
              1.985686,
              48.866608
            ],
            [
              1.90477,
              48.863218
            ],
            [
              1.819016,
              48.86033
            ],
            [
              1.729047,
              48.857976
            ],
            [
              1.635482,
              48.856192
            ],
            [
              1.538934,
              48.855015
            ],
            [
              1.441302,
              48.859395
            ],
            [
              1.343732,
              48.87069
            ],
            [
              1.245299,
              48.88268
            ],
            [
              1.146648,
              48.895403
            ],
            [
              1.048409,
              48.9089
            ],
            [
              0.9512,
              48.92322
            ],
            [
              0.855618,
              48.938418
            ],
            [
              0.762238,
              48.954561
            ],
            [
              0.671602,
              48.971732
            ],
            [
              0.584211,
              48.990042
            ],
            [
              0.500511,
              49.009641
            ],
            [
              0.421933,
              49.030448
            ],
            [
              0.34816,
              49.052152
            ],
            [
              0.276583,
              49.074811
            ],
            [
              0.206324,
              49.0986
            ],
            [
              0.137401,
              49.123439
            ],
            [
              0.069833,
              49.149252
            ],
            [
              0.003639,
              49.175962
            ],
            [
              -0.061165,
              49.203495
            ],
            [
              -0.124559,
              49.231774
            ],
            [
              -0.186525,
              49.260728
            ],
            [
              -0.247047,
              49.290283
            ],
            [
              -0.306105,
              49.320367
            ],
            [
              -0.363681,
              49.350907
            ],
            [
              -0.419756,
              49.381834
            ],
            [
              -0.474311,
              49.413076
            ],
            [
              -0.527327,
              49.444564
            ],
            [
              -0.578783,
              49.476227
            ],
            [
              -0.628661,
              49.507998
            ],
            [
              -0.676941,
              49.539808
            ],
            [
              -0.723601,
              49.571588
            ],
            [
              -0.768623,
              49.603272
            ],
            [
              -0.811985,
              49.634793
            ],
            [
              -0.854871,
              49.667013
            ],
            [
              -0.897959,
              49.701739
            ],
            [
              -0.939458,
              49.73869
            ],
            [
              -0.978318,
              49.776646
            ],
            [
              -1.014748,
              49.815389
            ],
            [
              -1.048928,
              49.854709
            ],
            [
              -1.08102,
              49.894402
            ],
            [
              -1.111163,
              49.934261
            ],
            [
              -1.13948,
              49.974081
            ],
            [
              -1.166082,
              50.013654
            ],
            [
              -1.191068,
              50.052766
            ],
            [
              -1.203295,
              50.093946
            ],
            [
              -1.212414,
              50.134409
            ],
            [
              -1.220057,
              50.173596
            ],
            [
              -1.226324,
              50.21133
            ],
            [
              -1.23131,
              50.247429
            ],
            [
              -1.2351,
              50.281712
            ],
            [
              -1.237775,
              50.313993
            ],
            [
              -1.239414,
              50.344087
            ],
            [
              -1.240091,
              50.371814
            ],
            [
              -1.239883,
              50.397004
            ],
            [
              -1.238869,
              50.419504
            ],
            [
              -1.237552,
              50.439789
            ],
            [
              -1.162448,
              50.460211
            ]
          ]
        ]
      }
    },
    {
      "type": "Feature",
      "properties": {
        "movement": "bulge-1944",
        "atlas_label": "Ardenská ofenzíva",
        "faction": "axis",
        "year_from": 1944,
        "quarter_from": 4,
        "year_to": 1944,
        "quarter_to": 4
      },
      "geometry": {
        "type": "Polygon",
        "coordinates": [
          [
            [
              6.073765,
              49.58947
            ],
            [
              6.051666,
              49.593412
            ],
            [
              6.028109,
              49.599583
            ],
            [
              6.003597,
              49.607328
            ],
            [
              5.978224,
              49.616415
            ],
            [
              5.95207,
              49.626635
            ],
            [
              5.925208,
              49.637789
            ],
            [
              5.897711,
              49.649684
            ],
            [
              5.870754,
              49.662509
            ],
            [
              5.85593,
              49.680148
            ],
            [
              5.840606,
              49.698079
            ],
            [
              5.824833,
              49.716149
            ],
            [
              5.808669,
              49.734197
            ],
            [
              5.792181,
              49.752058
            ],
            [
              5.775444,
              49.769561
            ],
            [
              5.758548,
              49.786529
            ],
            [
              5.741597,
              49.80278
            ],
            [
              5.724716,
              49.818125
            ],
            [
              5.708059,
              49.832367
            ],
            [
              5.691821,
              49.845305
            ],
            [
              5.676254,
              49.856732
            ],
            [
              5.661685,
              49.866442
            ],
            [
              5.648437,
              49.874309
            ],
            [
              5.634732,
              49.881398
            ],
            [
              5.618601,
              49.888767
            ],
            [
              5.600165,
              49.896305
            ],
            [
              5.579688,
              49.903881
            ],
            [
              5.557446,
              49.911398
            ],
            [
              5.533714,
              49.918783
            ],
            [
              5.508764,
              49.925987
            ],
            [
              5.482857,
              49.932973
            ],
            [
              5.45625,
              49.939719
            ],
            [
              5.429188,
              49.94621
            ],
            [
              5.401907,
              49.952439
            ],
            [
              5.374636,
              49.958404
            ],
            [
              5.347592,
              49.964108
            ],
            [
              5.320982,
              49.96956
            ],
            [
              5.29524,
              49.975272
            ],
            [
              5.276056,
              49.992749
            ],
            [
              5.257866,
              50.010019
            ],
            [
              5.241004,
              50.027074
            ],
            [
              5.225827,
              50.043901
            ],
            [
              5.212743,
              50.060479
            ],
            [
              5.20226,
              50.076762
            ],
            [
              5.2,
              50.1
            ],
            [
              5.225356,
              50.116208
            ],
            [
              5.247438,
              50.125021
            ],
            [
              5.271445,
              50.133658
            ],
            [
              5.297463,
              50.142047
            ],
            [
              5.325478,
              50.150137
            ],
            [
              5.355424,
              50.15789
            ],
            [
              5.387212,
              50.165267
            ],
            [
              5.414855,
              50.160267
            ],
            [
              5.443622,
              50.154369
            ],
            [
              5.473523,
              50.148058
            ],
            [
              5.504343,
              50.141311
            ],
            [
              5.535876,
              50.134106
            ],
            [
              5.567928,
              50.126411
            ],
            [
              5.600313,
              50.118192
            ],
            [
              5.632854,
              50.109405
            ],
            [
              5.665384,
              50.1
            ],
            [
              5.697743,
              50.089913
            ],
            [
              5.729779,
              50.079064
            ],
            [
              5.761345,
              50.067355
            ],
            [
              5.792293,
              50.054659
            ],
            [
              5.822467,
              50.040817
            ],
            [
              5.851563,
              50.025691
            ],
            [
              5.879107,
              50.009333
            ],
            [
              5.905039,
              49.992029
            ],
            [
              5.929596,
              49.973961
            ],
            [
              5.953023,
              49.955236
            ],
            [
              5.975486,
              49.935956
            ],
            [
              5.997096,
              49.916228
            ],
            [
              6.017921,
              49.896167
            ],
            [
              6.038004,
              49.875893
            ],
            [
              6.057364,
              49.855535
            ],
            [
              6.076004,
              49.835224
            ],
            [
              6.093917,
              49.815101
            ],
            [
              6.111085,
              49.795309
            ],
            [
              6.127481,
              49.775999
            ],
            [
              6.14307,
              49.757326
            ],
            [
              6.145138,
              49.735079
            ],
            [
              6.14519,
              49.713451
            ],
            [
              6.144319,
              49.692942
            ],
            [
              6.142512,
              49.673667
            ],
            [
              6.139759,
              49.65574
            ],
            [
              6.136053,
              49.63926
            ],
            [
              6.131406,
              49.624305
            ],
            [
              6.126235,
              49.61053
            ],
            [
              6.073765,
              49.58947
            ]
          ]
        ]
      }
    },
    {
      "type": "Feature",
      "properties": {
        "movement": "bagration-1944",
        "atlas_label": "Operace Bagration",
        "faction": "soviet",
        "year_from": 1944,
        "quarter_from": 2,
        "year_to": 1944,
        "quarter_to": 3
      },
      "geometry": {
        "type": "Polygon",
        "coordinates": [
          [
            [
              30.020249,
              55.476666
            ],
            [
              29.965084,
              55.451557
            ],
            [
              29.90017,
              55.423899
            ],
            [
              29.826326,
              55.393894
            ],
            [
              29.744266,
              55.361713
            ],
            [
              29.654699,
              55.327527
            ],
            [
              29.558336,
              55.291507
            ],
            [
              29.455887,
              55.253823
            ],
            [
              29.348061,
              55.214647
            ],
            [
              29.235568,
              55.174149
            ],
            [
              29.119121,
              55.1325
            ],
            [
              28.99943,
              55.089871
            ],
            [
              28.87641,
              55.047381
            ],
            [
              28.745686,
              55.011183
            ],
            [
              28.613837,
              54.974511
            ],
            [
              28.481572,
              54.937535
            ],
            [
              28.349603,
              54.900427
            ],
            [
              28.218642,
              54.863359
            ],
            [
              28.089406,
              54.826502
            ],
            [
              27.962611,
              54.790031
            ],
            [
              27.838982,
              54.754119
            ],
            [
              27.719244,
              54.718945
            ],
            [
              27.603648,
              54.684543
            ],
            [
              27.489203,
              54.650379
            ],
            [
              27.373544,
              54.616092
            ],
            [
              27.257306,
              54.5818
            ],
            [
              27.140625,
              54.547473
            ],
            [
              27.02364,
              54.513082
            ],
            [
              26.906488,
              54.478598
            ],
            [
              26.789309,
              54.443992
            ],
            [
              26.672242,
              54.409238
            ],
            [
              26.555428,
              54.374307
            ],
            [
              26.439008,
              54.339172
            ],
            [
              26.323122,
              54.303807
            ],
            [
              26.207912,
              54.268185
            ],
            [
              26.093521,
              54.232282
            ],
            [
              25.980091,
              54.196072
            ],
            [
              25.867765,
              54.15953
            ],
            [
              25.756686,
              54.122633
            ],
            [
              25.646998,
              54.085358
            ],
            [
              25.538845,
              54.047681
            ],
            [
              25.432371,
              54.009581
            ],
            [
              25.32772,
              53.971037
            ],
            [
              25.225035,
              53.932029
            ],
            [
              25.124735,
              53.892647
            ],
            [
              25.024882,
              53.851788
            ],
            [
              24.923139,
              53.808334
            ],
            [
              24.819678,
              53.762499
            ],
            [
              24.71501,
              53.714644
            ],
            [
              24.609624,
              53.665121
            ],
            [
              24.503996,
              53.614282
            ],
            [
              24.398589,
              53.562478
            ],
            [
              24.293859,
              53.510056
            ],
            [
              24.190255,
              53.457361
            ],
            [
              24.088219,
              53.404737
            ],
            [
              23.988188,
              53.352526
            ],
            [
              23.883524,
              53.305806
            ],
            [
              23.776125,
              53.263864
            ],
            [
              23.671987,
              53.223318
            ],
            [
              23.571565,
              53.184523
            ],
            [
              23.475311,
              53.147833
            ],
            [
              23.383676,
              53.113602
            ],
            [
              23.297115,
              53.082186
            ],
            [
              23.216084,
              53.053943
            ],
            [
              23.141055,
              53.02924
            ],
            [
              23.072523,
              53.008456
            ],
            [
              23.0,
              53.0
            ],
            [
              23.025477,
              53.041431
            ],
            [
              23.068562,
              53.078949
            ],
            [
              23.117922,
              53.120287
            ],
            [
              23.173208,
              53.165147
            ],
            [
              23.234045,
              53.21322
            ],
            [
              23.300046,
              53.264188
            ],
            [
              23.370819,
              53.317731
            ],
            [
              23.445969,
              53.373526
            ],
            [
              23.525105,
              53.431253
            ],
            [
              23.607836,
              53.490588
            ],
            [
              23.699312,
              53.547474
            ],
            [
              23.800587,
              53.600522
            ],
            [
              23.904176,
              53.654134
            ],
            [
              24.009672,
              53.707975
            ],
            [
              24.116672,
              53.761714
            ],
            [
              24.22478,
              53.815019
            ],
            [
              24.333605,
              53.867562
            ],
            [
              24.442766,
              53.919015
            ],
            [
              24.551894,
              53.969056
            ],
            [
              24.660633,
              54.017361
            ],
            [
              24.768647,
              54.063614
            ],
            [
              24.875265,
              54.107353
            ],
            [
              24.98153,
              54.149179
            ],
            [
              25.08926,
              54.190195
            ],
            [
              25.198592,
              54.230549
            ],
            [
              25.309389,
              54.270276
            ],
            [
              25.421512,
              54.309411
            ],
            [
              25.534824,
              54.34799
            ],
            [
              25.649187,
              54.386046
            ],
            [
              25.764462,
              54.423613
            ],
            [
              25.880512,
              54.460721
            ],
            [
              25.997197,
              54.497404
            ],
            [
              26.114378,
              54.533693
            ],
            [
              26.231917,
              54.569619
            ],
            [
              26.349672,
              54.605211
            ],
            [
              26.467503,
              54.640499
            ],
            [
              26.585269,
              54.675514
            ],
            [
              26.702829,
              54.710283
            ],
            [
              26.82004,
              54.744835
            ],
            [
              26.93676,
              54.779199
            ],
            [
              27.052846,
              54.813401
            ],
            [
              27.168154,
              54.847469
            ],
            [
              27.282539,
              54.88143
            ],
            [
              27.396352,
              54.915457
            ],
            [
              27.512959,
              54.950213
            ],
            [
              27.634347,
              54.985926
            ],
            [
              27.759355,
              55.022291
            ],
            [
              27.887304,
              55.059148
            ],
            [
              28.017505,
              55.096333
            ],
            [
              28.14927,
              55.133682
            ],
            [
              28.281905,
              55.17103
            ],
            [
              28.414713,
              55.208209
            ],
            [
              28.546998,
              55.245053
            ],
            [
              28.678061,
              55.281395
            ],
            [
              28.81307,
              55.310129
            ],
            [
              28.946244,
              55.337072
            ],
            [
              29.076086,
              55.363004
            ],
            [
              29.201902,
              55.387757
            ],
            [
              29.322992,
              55.411165
            ],
            [
              29.438658,
              55.433061
            ],
            [
              29.548203,
              55.453277
            ],
            [
              29.650926,
              55.471646
            ],
            [
              29.746129,
              55.488
            ],
            [
              29.833113,
              55.502172
            ],
            [
              29.911184,
              55.513995
            ],
            [
              29.979751,
              55.523334
            ],
            [
              30.020249,
              55.476666
            ]
          ]
        ]
      }
    },
    {
      "type": "Feature",
      "properties": {
        "movement": "berlin-1945",
        "atlas_label": "Postup na Berlín",
        "faction": "soviet",
        "year_from": 1944,
        "quarter_from": 4,
        "year_to": 1945,
        "quarter_to": 2
      },
      "geometry": {
        "type": "Polygon",
        "coordinates": [
          [
            [
              28.0227,
              53.973131
            ],
            [
              27.943151,
              53.941459
            ],
            [
              27.852267,
              53.905603
            ],
            [
              27.75031,
              53.865784
            ],
            [
              27.637957,
              53.822344
            ],
            [
              27.515892,
              53.775627
            ],
            [
              27.384801,
              53.72598
            ],
            [
              27.24537,
              53.673749
            ],
            [
              27.098284,
              53.619281
            ],
            [
              26.944228,
              53.562923
            ],
            [
              26.783886,
              53.505021
            ],
            [
              26.617937,
              53.445922
            ],
            [
              26.447061,
              53.385971
            ],
            [
              26.271929,
              53.325513
            ],
            [
              26.093211,
              53.264893
            ],
            [
              25.911568,
              53.204455
            ],
            [
              25.726804,
              53.145641
            ],
            [
              25.536089,
              53.093505
            ],
            [
              25.344669,
              53.04265
            ],
            [
              25.153209,
              52.993424
            ],
            [
              24.962366,
              52.946176
            ],
            [
              24.772781,
              52.901255
            ],
            [
              24.585906,
              52.859191
            ],
            [
              24.399304,
              52.818755
            ],
            [
              24.208727,
              52.778207
            ],
            [
              24.013819,
              52.737502
            ],
            [
              23.814994,
              52.696765
            ],
            [
              23.612669,
              52.656123
            ],
            [
              23.407258,
              52.615701
            ],
            [
              23.199175,
              52.575624
            ],
            [
              22.988836,
              52.536019
            ],
            [
              22.776656,
              52.49701
            ],
            [
              22.563047,
              52.458725
            ],
            [
              22.348424,
              52.421289
            ],
            [
              22.133197,
              52.384829
            ],
            [
              21.917779,
              52.34947
            ],
            [
              21.702578,
              52.315339
            ],
            [
              21.488002,
              52.282563
            ],
            [
              21.274458,
              52.251268
            ],
            [
              21.062349,
              52.221581
            ],
            [
              20.852075,
              52.193629
            ],
            [
              20.644033,
              52.16754
            ],
            [
              20.438616,
              52.143443
            ],
            [
              20.236211,
              52.121465
            ],
            [
              20.037105,
              52.10173
            ],
            [
              19.839317,
              52.084243
            ],
            [
              19.641035,
              52.068879
            ],
            [
              19.442667,
              52.055545
            ],
            [
              19.244455,
              52.044134
            ],
            [
              19.046643,
              52.034543
            ],
            [
              18.849475,
              52.026666
            ],
            [
              18.653196,
              52.020399
            ],
            [
              18.458051,
              52.015639
            ],
            [
              18.264286,
              52.012283
            ],
            [
              18.07215,
              52.010229
            ],
            [
              17.881891,
              52.009376
            ],
            [
              17.693757,
              52.00962
            ],
            [
              17.507998,
              52.010861
            ],
            [
              17.324867,
              52.012999
            ],
            [
              17.144614,
              52.015932
            ],
            [
              16.967494,
              52.019559
            ],
            [
              16.793761,
              52.02378
            ],
            [
              16.623672,
              52.028494
            ],
            [
              16.457484,
              52.033602
            ],
            [
              16.295458,
              52.039003
            ],
            [
              16.137856,
              52.044597
            ],
            [
              15.983711,
              52.050333
            ],
            [
              15.82994,
              52.057202
            ],
            [
              15.676062,
              52.066049
            ],
            [
              15.523656,
              52.076628
            ],
            [
              15.373035,
              52.088744
            ],
            [
              15.224515,
              52.102206
            ],
            [
              15.078418,
              52.116822
            ],
            [
              14.935067,
              52.132402
            ],
            [
              14.795037,
              52.149526
            ],
            [
              14.661437,
              52.176062
            ],
            [
              14.531879,
              52.202957
            ],
            [
              14.406647,
              52.230026
            ],
            [
              14.286028,
              52.257089
            ],
            [
              14.170313,
              52.283963
            ],
            [
              14.059792,
              52.31047
            ],
            [
              13.954759,
              52.336429
            ],
            [
              13.855503,
              52.361665
            ],
            [
              13.76231,
              52.386
            ],
            [
              13.67546,
              52.409261
            ],
            [
              13.59522,
              52.431277
            ],
            [
              13.52183,
              52.45188
            ],
            [
              13.455496,
              52.470909
            ],
            [
              13.4,
              52.5
            ],
            [
              13.470425,
              52.513553
            ],
            [
              13.545037,
              52.513484
            ],
            [
              13.626944,
              52.511797
            ],
            [
              13.715674,
              52.508695
            ],
            [
              13.810793,
              52.504379
            ],
            [
              13.91189,
              52.499041
            ],
            [
              14.01857,
              52.492877
            ],
            [
              14.130441,
              52.486074
            ],
            [
              14.247118,
              52.478823
            ],
            [
              14.368217,
              52.471311
            ],
            [
              14.493353,
              52.463724
            ],
            [
              14.622141,
              52.456247
            ],
            [
              14.754191,
              52.449065
            ],
            [
              14.889111,
              52.44236
            ],
            [
              15.023836,
              52.427445
            ],
            [
              15.1608,
              52.412555
            ],
            [
              15.299902,
              52.398635
            ],
            [
              15.44079,
              52.385861
            ],
            [
              15.583106,
              52.37441
            ],
            [
              15.726492,
              52.364454
            ],
            [
              15.870586,
              52.356166
            ],
            [
              16.016289,
              52.349667
            ],
            [
              16.166812,
              52.344072
            ],
            [
              16.322874,
              52.338532
            ],
            [
              16.483002,
              52.333194
            ],
            [
              16.646951,
              52.328155
            ],
            [
              16.814475,
              52.323511
            ],
            [
              16.985323,
              52.319359
            ],
            [
              17.159246,
              52.315797
            ],
            [
              17.33599,
              52.312921
            ],
            [
              17.515302,
              52.310828
            ],
            [
              17.696927,
              52.309614
            ],
            [
              17.880609,
              52.309374
            ],
            [
              18.066091,
              52.310206
            ],
            [
              18.253116,
              52.312205
            ],
            [
              18.441424,
              52.315466
            ],
            [
              18.630754,
              52.320083
            ],
            [
              18.820848,
              52.326152
            ],
            [
              19.011443,
              52.333766
            ],
            [
              19.202277,
              52.343018
            ],
            [
              19.393086,
              52.354002
            ],
            [
              19.583608,
              52.366809
            ],
            [
              19.773578,
              52.381529
            ],
            [
              19.962895,
              52.39827
            ],
            [
              20.154144,
              52.417232
            ],
            [
              20.349513,
              52.438451
            ],
            [
              20.548445,
              52.461794
            ],
            [
              20.75048,
              52.487137
            ],
            [
              20.955166,
              52.514355
            ],
            [
              21.162055,
              52.543323
            ],
            [
              21.370703,
              52.573912
            ],
            [
              21.580668,
              52.605998
            ],
            [
              21.791509,
              52.639453
            ],
            [
              22.002791,
              52.674149
            ],
            [
              22.214076,
              52.709961
            ],
            [
              22.424932,
              52.746759
            ],
            [
              22.634924,
              52.784418
            ],
            [
              22.84362,
              52.822809
            ],
            [
              23.05059,
              52.861805
            ],
            [
              23.255402,
              52.901279
            ],
            [
              23.457626,
              52.941101
            ],
            [
              23.656831,
              52.981146
            ],
            [
              23.852588,
              53.021284
            ],
            [
              24.044466,
              53.061388
            ],
            [
              24.232035,
              53.101329
            ],
            [
              24.414094,
              53.140809
            ],
            [
              24.593719,
              53.181272
            ],
            [
              24.775426,
              53.224372
            ],
            [
              24.959253,
              53.269935
            ],
            [
              25.144437,
              53.317605
            ],
            [
              25.330224,
              53.367027
            ],
            [
              25.515871,
              53.417846
            ],
            [
              25.705214,
              53.463957
            ],
            [
              25.894017,
              53.509713
            ],
            [
              26.080673,
              53.55585
            ],
            [
              26.264434,
              53.602008
            ],
            [
              26.444563,
              53.647828
            ],
            [
              26.620322,
              53.69295
            ],
            [
              26.790981,
              53.737016
            ],
            [
              26.955811,
              53.779667
            ],
            [
              27.114088,
              53.820546
            ],
            [
              27.265086,
              53.859294
            ],
            [
              27.408084,
              53.895555
            ],
            [
              27.542358,
              53.928971
            ],
            [
              27.667186,
              53.959183
            ],
            [
              27.781842,
              53.985832
            ],
            [
              27.885596,
              54.008555
            ],
            [
              27.9773,
              54.026869
            ],
            [
              28.0227,
              53.973131
            ]
          ]
        ]
      }
    },
    {
      "type": "Feature",
      "properties": {
        "movement": "western-1945",
        "atlas_label": "Spojenci k Labi",
        "faction": "allies",
        "year_from": 1945,
        "quarter_from": 1,
        "year_to": 1945,
        "quarter_to": 2
      },
      "geometry": {
        "type": "Polygon",
        "coordinates": [
          [
            [
              4.801959,
              50.82597
            ],
            [
              4.857262,
              50.833067
            ],
            [
              4.921063,
              50.839231
            ],
            [
              4.992227,
              50.844613
            ],
            [
              5.070158,
              50.849344
            ],
            [
              5.154278,
              50.853556
            ],
            [
              5.244014,
              50.857378
            ],
            [
              5.338798,
              50.86094
            ],
            [
              5.438059,
              50.864369
            ],
            [
              5.541228,
              50.867793
            ],
            [
              5.647731,
              50.87134
            ],
            [
              5.75699,
              50.875134
            ],
            [
              5.868318,
              50.878254
            ],
            [
              5.980614,
              50.874178
            ],
            [
              6.094162,
              50.870714
            ],
            [
              6.208407,
              50.867986
            ],
            [
              6.322787,
              50.866114
            ],
            [
              6.436733,
              50.865219
            ],
            [
              6.549666,
              50.865416
            ],
            [
              6.660997,
              50.866821
            ],
            [
              6.770127,
              50.869542
            ],
            [
              6.876438,
              50.873683
            ],
            [
              6.979892,
              50.879376
            ],
            [
              7.083468,
              50.886577
            ],
            [
              7.189329,
              50.895066
            ],
            [
              7.296824,
              50.904748
            ],
            [
              7.405788,
              50.915559
            ],
            [
              7.516061,
              50.927431
            ],
            [
              7.627486,
              50.940298
            ],
            [
              7.739904,
              50.954091
            ],
            [
              7.853164,
              50.968743
            ],
            [
              7.96711,
              50.984183
            ],
            [
              8.081593,
              51.000344
            ],
            [
              8.196462,
              51.017156
            ],
            [
              8.311569,
              51.03455
            ],
            [
              8.426767,
              51.052455
            ],
            [
              8.54191,
              51.070803
            ],
            [
              8.656852,
              51.089523
            ],
            [
              8.771449,
              51.108545
            ],
            [
              8.885558,
              51.1278
            ],
            [
              8.999036,
              51.147218
            ],
            [
              9.111743,
              51.16673
            ],
            [
              9.223537,
              51.186264
            ],
            [
              9.33428,
              51.205752
            ],
            [
              9.443236,
              51.225018
            ],
            [
              9.552368,
              51.244804
            ],
            [
              9.664559,
              51.265998
            ],
            [
              9.779766,
              51.288518
            ],
            [
              9.897352,
              51.312178
            ],
            [
              10.016688,
              51.33679
            ],
            [
              10.137155,
              51.362168
            ],
            [
              10.25814,
              51.388126
            ],
            [
              10.379035,
              51.414479
            ],
            [
              10.499235,
              51.441043
            ],
            [
              10.61814,
              51.467632
            ],
            [
              10.735152,
              51.494064
            ],
            [
              10.853172,
              51.514198
            ],
            [
              10.970922,
              51.529143
            ],
            [
              11.085064,
              51.543393
            ],
            [
              11.194984,
              51.556763
            ],
            [
              11.300071,
              51.569063
            ],
            [
              11.399713,
              51.580106
            ],
            [
              11.493296,
              51.589704
            ],
            [
              11.580201,
              51.597668
            ],
            [
              11.659801,
              51.603807
            ],
            [
              11.731452,
              51.607924
            ],
            [
              11.8,
              51.6
            ],
            [
              11.755109,
              51.567034
            ],
            [
              11.696323,
              51.541723
            ],
            [
              11.62967,
              51.514414
            ],
            [
              11.55569,
              51.485277
            ],
            [
              11.474939,
              51.454487
            ],
            [
              11.387983,
              51.422222
            ],
            [
              11.29539,
              51.388659
            ],
            [
              11.197731,
              51.353977
            ],
            [
              11.095579,
              51.318354
            ],
            [
              10.989503,
              51.28197
            ],
            [
              10.877348,
              51.249686
            ],
            [
              10.75902,
              51.222976
            ],
            [
              10.638603,
              51.196067
            ],
            [
              10.516683,
              51.169142
            ],
            [
              10.393841,
              51.142382
            ],
            [
              10.270658,
              51.115969
            ],
            [
              10.147709,
              51.090084
            ],
            [
              10.025563,
              51.064907
            ],
            [
              9.904785,
              51.040619
            ],
            [
              9.78593,
              51.017398
            ],
            [
              9.669542,
              50.995424
            ],
            [
              9.556764,
              50.974982
            ],
            [
              9.446139,
              50.955429
            ],
            [
              9.33469,
              50.935825
            ],
            [
              9.221963,
              50.916136
            ],
            [
              9.108101,
              50.896433
            ],
            [
              8.993246,
              50.876787
            ],
            [
              8.877537,
              50.85727
            ],
            [
              8.761114,
              50.837952
            ],
            [
              8.644116,
              50.818904
            ],
            [
              8.526679,
              50.800198
            ],
            [
              8.408942,
              50.781904
            ],
            [
              8.291038,
              50.764094
            ],
            [
              8.173103,
              50.746838
            ],
            [
              8.05527,
              50.730209
            ],
            [
              7.93767,
              50.714278
            ],
            [
              7.820435,
              50.699116
            ],
            [
              7.703694,
              50.684796
            ],
            [
              7.587573,
              50.67139
            ],
            [
              7.472199,
              50.658971
            ],
            [
              7.357694,
              50.647613
            ],
            [
              7.244179,
              50.637391
            ],
            [
              7.131774,
              50.628379
            ],
            [
              7.020108,
              50.620624
            ],
            [
              6.906798,
              50.614394
            ],
            [
              6.790805,
              50.609872
            ],
            [
              6.673159,
              50.606935
            ],
            [
              6.554316,
              50.605433
            ],
            [
              6.434746,
              50.605222
            ],
            [
              6.314929,
              50.606162
            ],
            [
              6.195359,
              50.608117
            ],
            [
              6.076537,
              50.610954
            ],
            [
              5.958971,
              50.614539
            ],
            [
              5.843177,
              50.618741
            ],
            [
              5.73051,
              50.631116
            ],
            [
              5.620939,
              50.644889
            ],
            [
              5.514848,
              50.658883
            ],
            [
              5.41273,
              50.672971
            ],
            [
              5.315081,
              50.687027
            ],
            [
              5.222402,
              50.700924
            ],
            [
              5.135194,
              50.714537
            ],
            [
              5.053959,
              50.727741
            ],
            [
              4.979195,
              50.740413
            ],
            [
              4.911394,
              50.752429
            ],
            [
              4.85103,
              50.76367
            ],
            [
              4.798041,
              50.77403
            ],
            [
              4.801959,
              50.82597
            ]
          ]
        ]
      }
    },
    {
      "type": "Feature",
      "properties": {
        "movement": "prague-1945",
        "atlas_label": "Osvobození Prahy",
        "faction": "soviet",
        "year_from": 1945,
        "quarter_from": 2,
        "year_to": 1945,
        "quarter_to": 2
      },
      "geometry": {
        "type": "Polygon",
        "coordinates": [
          [
            [
              16.993421,
              52.27634
            ],
            [
              16.915717,
              52.272149
            ],
            [
              16.819466,
              52.273752
            ],
            [
              16.708852,
              52.280025
            ],
            [
              16.585705,
              52.290098
            ],
            [
              16.451798,
              52.303134
            ],
            [
              16.3089,
              52.318307
            ],
            [
              16.158795,
              52.334797
            ],
            [
              16.003765,
              52.352712
            ],
            [
              15.850357,
              52.381008
            ],
            [
              15.69473,
              52.408277
            ],
            [
              15.538615,
              52.43374
            ],
            [
              15.383808,
              52.456624
            ],
            [
              15.232181,
              52.476166
            ],
            [
              15.085709,
              52.491628
            ],
            [
              14.946503,
              52.502316
            ],
            [
              14.816853,
              52.507631
            ],
            [
              14.699266,
              52.507144
            ],
            [
              14.596425,
              52.500745
            ],
            [
              14.510914,
              52.488852
            ],
            [
              14.444337,
              52.472547
            ],
            [
              14.395682,
              52.453109
            ],
            [
              14.360013,
              52.429919
            ],
            [
              14.327272,
              52.393939
            ],
            [
              14.295693,
              52.338543
            ],
            [
              14.269769,
              52.265793
            ],
            [
              14.251416,
              52.178405
            ],
            [
              14.241036,
              52.078765
            ],
            [
              14.238345,
              51.968935
            ],
            [
              14.242746,
              51.850756
            ],
            [
              14.253497,
              51.725921
            ],
            [
              14.269783,
              51.596031
            ],
            [
              14.290751,
              51.462627
            ],
            [
              14.31553,
              51.327209
            ],
            [
              14.34324,
              51.191247
            ],
            [
              14.372995,
              51.056188
            ],
            [
              14.403906,
              50.923462
            ],
            [
              14.434106,
              50.794384
            ],
            [
              14.440244,
              50.668074
            ],
            [
              14.444998,
              50.548289
            ],
            [
              14.447433,
              50.436518
            ],
            [
              14.44661,
              50.334264
            ],
            [
              14.441575,
              50.24306
            ],
            [
              14.431353,
              50.164521
            ],
            [
              14.4,
              50.1
            ],
            [
              14.352831,
              50.15939
            ],
            [
              14.314548,
              50.232523
            ],
            [
              14.271008,
              50.317933
            ],
            [
              14.22304,
              50.414421
            ],
            [
              14.171494,
              50.520701
            ],
            [
              14.117231,
              50.635457
            ],
            [
              14.061123,
              50.757363
            ],
            [
              14.027649,
              50.887357
            ],
            [
              13.995262,
              51.021742
            ],
            [
              13.963897,
              51.159016
            ],
            [
              13.93447,
              51.297791
            ],
            [
              13.907897,
              51.436696
            ],
            [
              13.885101,
              51.574386
            ],
            [
              13.867014,
              51.709541
            ],
            [
              13.854587,
              51.840886
            ],
            [
              13.848808,
              51.967203
            ],
            [
              13.850737,
              52.08737
            ],
            [
              13.861582,
              52.200408
            ],
            [
              13.88286,
              52.305563
            ],
            [
              13.916779,
              52.402404
            ],
            [
              13.967055,
              52.490828
            ],
            [
              14.039987,
              52.570081
            ],
            [
              14.140137,
              52.635997
            ],
            [
              14.260396,
              52.684929
            ],
            [
              14.392561,
              52.717835
            ],
            [
              14.53235,
              52.737572
            ],
            [
              14.678101,
              52.7468
            ],
            [
              14.829127,
              52.747515
            ],
            [
              14.984845,
              52.741185
            ],
            [
              15.144493,
              52.728958
            ],
            [
              15.307094,
              52.711813
            ],
            [
              15.471489,
              52.690634
            ],
            [
              15.636385,
              52.66626
            ],
            [
              15.800387,
              52.639507
            ],
            [
              15.962021,
              52.611178
            ],
            [
              16.119751,
              52.582074
            ],
            [
              16.266468,
              52.542363
            ],
            [
              16.40545,
              52.502579
            ],
            [
              16.535711,
              52.464409
            ],
            [
              16.655768,
              52.42861
            ],
            [
              16.764119,
              52.395933
            ],
            [
              16.859271,
              52.367119
            ],
            [
              16.939786,
              52.342877
            ],
            [
              17.006579,
              52.32366
            ],
            [
              16.993421,
              52.27634
            ]
          ]
        ]
      }
    },
    {
      "type": "Feature",
      "properties": {
        "movement": "pacific-allies",
        "atlas_label": "Postup v Tichomoří",
        "faction": "allies",
        "year_from": 1943,
        "quarter_from": 3,
        "year_to": 1945,
        "quarter_to": 3
      },
      "geometry": {
        "type": "Polygon",
        "coordinates": [
          [
            [
              159.971551,
              -9.515385
            ],
            [
              159.789725,
              -9.210667
            ],
            [
              159.582704,
              -8.856835
            ],
            [
              159.352236,
              -8.45766
            ],
            [
              159.10002,
              -8.016813
            ],
            [
              158.827748,
              -7.537967
            ],
            [
              158.537113,
              -7.024787
            ],
            [
              158.229805,
              -6.480943
            ],
            [
              157.907515,
              -5.910102
            ],
            [
              157.571932,
              -5.315932
            ],
            [
              157.224746,
              -4.7021
            ],
            [
              156.867647,
              -4.072276
            ],
            [
              156.50346,
              -3.429506
            ],
            [
              156.14104,
              -2.773487
            ],
            [
              155.773743,
              -2.112439
            ],
            [
              155.403261,
              -1.450027
            ],
            [
              155.031288,
              -0.78992
            ],
            [
              154.659521,
              -0.13579
            ],
            [
              154.289658,
              0.508691
            ],
            [
              153.923399,
              1.139846
            ],
            [
              153.562448,
              1.753994
            ],
            [
              153.208516,
              2.347451
            ],
            [
              152.862761,
              2.917435
            ],
            [
              152.528048,
              3.475211
            ],
            [
              152.205735,
              4.032567
            ],
            [
              151.89407,
              4.588502
            ],
            [
              151.590708,
              5.142988
            ],
            [
              151.29331,
              5.696002
            ],
            [
              150.999535,
              6.24753
            ],
            [
              150.707044,
              6.797565
            ],
            [
              150.4135,
              7.346107
            ],
            [
              150.116569,
              7.893163
            ],
            [
              149.813916,
              8.438747
            ],
            [
              149.503211,
              8.982883
            ],
            [
              149.182121,
              9.525599
            ],
            [
              148.848313,
              10.066932
            ],
            [
              148.499453,
              10.606923
            ],
            [
              148.133203,
              11.14562
            ],
            [
              147.747221,
              11.683073
            ],
            [
              147.339162,
              12.219336
            ],
            [
              146.906674,
              12.754464
            ],
            [
              146.4474,
              13.28851
            ],
            [
              145.958979,
              13.821524
            ],
            [
              145.439044,
              14.353551
            ],
            [
              144.885512,
              14.884369
            ],
            [
              144.278599,
              15.425033
            ],
            [
              143.604518,
              15.984935
            ],
            [
              142.87056,
              16.561041
            ],
            [
              142.084363,
              17.150058
            ],
            [
              141.253529,
              17.748756
            ],
            [
              140.38563,
              18.353947
            ],
            [
              139.488222,
              18.96247
            ],
            [
              138.568846,
              19.571179
            ],
            [
              137.63503,
              20.176943
            ],
            [
              136.694296,
              20.77664
            ],
            [
              135.75416,
              21.367152
            ],
            [
              134.826802,
              21.951865
            ],
            [
              133.918733,
              22.526307
            ],
            [
              133.033817,
              23.082258
            ],
            [
              132.179582,
              23.616599
            ],
            [
              131.363557,
              24.126209
            ],
            [
              130.593264,
              24.607971
            ],
            [
              129.876227,
              25.058768
            ],
            [
              129.219975,
              25.47548
            ],
            [
              128.632045,
              25.85498
            ],
            [
              128.120001,
              26.194124
            ],
            [
              127.7,
              26.5
            ],
            [
              128.154567,
              26.237694
            ],
            [
              128.683507,
              25.92188
            ],
            [
              129.287989,
              25.565842
            ],
            [
              129.960587,
              25.172637
            ],
            [
              130.693851,
              24.745335
            ],
            [
              131.48032,
              24.287014
            ],
            [
              132.312529,
              23.800756
            ],
            [
              133.183013,
              23.289642
            ],
            [
              134.084309,
              22.756751
            ],
            [
              135.00896,
              22.20516
            ],
            [
              135.94584,
              21.632848
            ],
            [
              136.88647,
              21.041542
            ],
            [
              137.828043,
              20.440825
            ],
            [
              138.763085,
              19.83378
            ],
            [
              139.684129,
              19.223481
            ],
            [
              140.583716,
              18.612995
            ],
            [
              141.454398,
              18.005376
            ],
            [
              142.28874,
              17.403661
            ],
            [
              143.079328,
              16.810859
            ],
            [
              143.818773,
              16.229941
            ],
            [
              144.499726,
              15.66381
            ],
            [
              145.114488,
              15.115631
            ],
            [
              145.675372,
              14.577234
            ],
            [
              146.201803,
              14.03798
            ],
            [
              146.696373,
              13.497647
            ],
            [
              147.161395,
              12.956279
            ],
            [
              147.599183,
              12.413928
            ],
            [
              148.012057,
              11.870646
            ],
            [
              148.402344,
              11.326488
            ],
            [
              148.772373,
              10.781507
            ],
            [
              149.12448,
              10.235754
            ],
            [
              149.461005,
              9.689277
            ],
            [
              149.784289,
              9.142117
            ],
            [
              150.096677,
              8.59431
            ],
            [
              150.400514,
              8.045887
            ],
            [
              150.698145,
              7.496868
            ],
            [
              150.991914,
              6.947269
            ],
            [
              151.284161,
              6.397098
            ],
            [
              151.577229,
              5.846353
            ],
            [
              151.873454,
              5.295029
            ],
            [
              152.175174,
              4.743109
            ],
            [
              152.484723,
              4.190573
            ],
            [
              152.804437,
              3.637392
            ],
            [
              153.137239,
              3.082565
            ],
            [
              153.48307,
              2.512241
            ],
            [
              153.838002,
              1.91693
            ],
            [
              154.199817,
              1.301176
            ],
            [
              154.566841,
              0.66862
            ],
            [
              154.937399,
              0.022905
            ],
            [
              155.309809,
              -0.632319
            ],
            [
              155.682389,
              -1.293399
            ],
            [
              156.053455,
              -1.956682
            ],
            [
              156.421319,
              -2.618511
            ],
            [
              156.784294,
              -3.275227
            ],
            [
              157.132353,
              -3.927724
            ],
            [
              157.470971,
              -4.568373
            ],
            [
              157.799593,
              -5.192896
            ],
            [
              158.116527,
              -5.797636
            ],
            [
              158.420082,
              -6.378936
            ],
            [
              158.708567,
              -6.933139
            ],
            [
              158.980291,
              -7.456586
            ],
            [
              159.233564,
              -7.945621
            ],
            [
              159.466697,
              -8.396585
            ],
            [
              159.678003,
              -8.805825
            ],
            [
              159.865797,
              -9.169686
            ],
            [
              160.028449,
              -9.484615
            ],
            [
              159.971551,
              -9.515385
            ]
          ]
        ]
      }
    },
    {
      "type": "Feature",
      "properties": {
        "movement": "pacific-end-1945",
        "atlas_label": "Postup k Japonsku",
        "faction": "allies",
        "year_from": 1945,
        "quarter_from": 2,
        "year_to": 1945,
        "quarter_to": 3
      },
      "geometry": {
        "type": "Polygon",
        "coordinates": [
          [
            [
              127.682157,
              26.520519
            ],
            [
              127.776199,
              26.602665
            ],
            [
              127.880745,
              26.691921
            ],
            [
              127.995506,
              26.788122
            ],
            [
              128.120221,
              26.891123
            ],
            [
              128.254627,
              27.000779
            ],
            [
              128.398465,
              27.116946
            ],
            [
              128.551475,
              27.239478
            ],
            [
              128.714124,
              27.367406
            ],
            [
              128.8938,
              27.491889
            ],
            [
              129.081917,
              27.622326
            ],
            [
              129.278224,
              27.758576
            ],
            [
              129.482467,
              27.900499
            ],
            [
              129.694393,
              28.047955
            ],
            [
              129.91375,
              28.200803
            ],
            [
              130.140284,
              28.358903
            ],
            [
              130.373743,
              28.522114
            ],
            [
              130.613873,
              28.690295
            ],
            [
              130.86042,
              28.863305
            ],
            [
              131.113132,
              29.041005
            ],
            [
              131.371754,
              29.223252
            ],
            [
              131.636033,
              29.409907
            ],
            [
              131.905718,
              29.600828
            ],
            [
              132.192479,
              29.804316
            ],
            [
              132.506064,
              30.027254
            ],
            [
              132.843343,
              30.267383
            ],
            [
              133.201183,
              30.522448
            ],
            [
              133.576458,
              30.790192
            ],
            [
              133.96604,
              31.06836
            ],
            [
              134.366803,
              31.354698
            ],
            [
              134.775622,
              31.646952
            ],
            [
              135.189371,
              31.942869
            ],
            [
              135.604926,
              32.240194
            ],
            [
              136.019162,
              32.536675
            ],
            [
              136.428957,
              32.830058
            ],
            [
              136.831187,
              33.118091
            ],
            [
              137.222729,
              33.398521
            ],
            [
              137.600992,
              33.668579
            ],
            [
              137.975142,
              33.914175
            ],
            [
              138.329359,
              34.145442
            ],
            [
              138.660507,
              34.360123
            ],
            [
              138.965453,
              34.555961
            ],
            [
              139.241056,
              34.7307
            ],
            [
              139.484173,
              34.882079
            ],
            [
              139.7,
              35.0
            ],
            [
              139.528027,
              34.840779
            ],
            [
              139.311912,
              34.66374
            ],
            [
              139.063107,
              34.463291
            ],
            [
              138.784722,
              34.241681
            ],
            [
              138.479873,
              34.001159
            ],
            [
              138.15168,
              33.743977
            ],
            [
              137.803262,
              33.472386
            ],
            [
              137.425054,
              33.201028
            ],
            [
              137.032477,
              32.92032
            ],
            [
              136.629194,
              32.632
            ],
            [
              136.218338,
              32.338325
            ],
            [
              135.803038,
              32.041549
            ],
            [
              135.386428,
              31.743927
            ],
            [
              134.971636,
              31.447714
            ],
            [
              134.561794,
              31.155163
            ],
            [
              134.16003,
              30.86853
            ],
            [
              133.769475,
              30.590068
            ],
            [
              133.393257,
              30.32203
            ],
            [
              133.034503,
              30.06667
            ],
            [
              132.69634,
              29.82624
            ],
            [
              132.381892,
              29.602991
            ],
            [
              132.094282,
              29.399172
            ],
            [
              131.823762,
              29.207909
            ],
            [
              131.558674,
              29.020925
            ],
            [
              131.299274,
              28.838362
            ],
            [
              131.045816,
              28.660361
            ],
            [
              130.798552,
              28.487062
            ],
            [
              130.557737,
              28.318608
            ],
            [
              130.323624,
              28.155137
            ],
            [
              130.096468,
              27.996793
            ],
            [
              129.876522,
              27.843715
            ],
            [
              129.66404,
              27.696045
            ],
            [
              129.459276,
              27.553924
            ],
            [
              129.262485,
              27.417494
            ],
            [
              129.073922,
              27.286896
            ],
            [
              128.89384,
              27.162271
            ],
            [
              128.714162,
              27.053299
            ],
            [
              128.542782,
              26.951424
            ],
            [
              128.380675,
              26.855954
            ],
            [
              128.228089,
              26.767028
            ],
            [
              128.08527,
              26.684784
            ],
            [
              127.952464,
              26.609357
            ],
            [
              127.829914,
              26.540883
            ],
            [
              127.717843,
              26.479481
            ],
            [
              127.682157,
              26.520519
            ]
          ]
        ]
      }
    }
  ]
}